max_threads,array_size,num_buckets,job_id,omp_auto_xorshift32.min,omp_auto_xorshift32.max,omp_auto_xorshift32.avg,omp_auto_xorshift32.stddev,bucketsort_v1.init.min,bucketsort_v1.init.max,bucketsort_v1.init.avg,bucketsort_v1.init.stddev,bucketsort_v1.distribution.min,bucketsort_v1.distribution.max,bucketsort_v1.distribution.avg,bucketsort_v1.distribution.stddev,bucketsort_v1.calc_offsets.min,bucketsort_v1.calc_offsets.max,bucketsort_v1.calc_offsets.avg,bucketsort_v1.calc_offsets.stddev,bucketsort_v1.sort.min,bucketsort_v1.sort.max,bucketsort_v1.sort.avg,bucketsort_v1.sort.stddev,bucketsort_v1.copy_and_merge.min,bucketsort_v1.copy_and_merge.max,bucketsort_v1.copy_and_merge.avg,bucketsort_v1.copy_and_merge.stddev,bucketsort_v1.cleanup.min,bucketsort_v1.cleanup.max,bucketsort_v1.cleanup.avg,bucketsort_v1.cleanup.stddev,bucketsort_v1.min,bucketsort_v1.max,bucketsort_v1.avg,bucketsort_v1.stddev
12,300000,10000,20038222,0.488893,40.811522,5.7549236,12.896734713842251,0.407316,4.393233,0.8521356,1.2444048651511381,4.337244,4.375535,4.3575548,0.012437155943203184,0.005978,0.010285,0.0086364,0.0011569814365167855,1.126525,1.202029,1.1446466,0.02436918119811717,0.033428,0.038601,0.0359656,0.0016115306871280985,0.026623,0.028832,0.0276756,0.0007836342967935433,6.197948,22.056837,8.222375,5.015723605651665
24,100000000,1000000,20038222,41.142086,96.218249,74.7968507,18.34378577295792,326.562485,350.620454,336.5564364,7.780391488407663,1422.647276,1547.726914,1468.4524544,47.04137224971677,0.239396,12.40467,10.3441765,4.3693742028967755,247.788302,391.450626,335.3931541,61.26255961619394,11.986355,25.574569,19.8547805,4.367415869694935,6.207161,16.580014,10.6116619,4.506661981526693,2121.065191,2335.678707,2190.8088246,65.10665074115394
20,100000000,100,20038222,44.987478,154.527189,87.1083384,31.193616414873546,2.037978,12.560623,8.1398944,3.9500382570689165,1402.357568,1830.31631,1549.5727074,161.62603442091324,0.011679,19.744579,10.4216308,5.98484951137945,883.887187,1245.560462,978.2553512,101.28705623245236,7.527828,15.647408,13.0957575,2.7311570410633355,12.074591,14.162683,13.333664,0.6387437858856676,2312.650578,2926.847135,2579.1907742,229.73631390260775
4,100000000,1000000,20038222,218.136462,219.407638,218.6490639,0.5200553528779317,168.253326,314.176036,245.6221593,65.48459348381584,1915.88043,2546.722166,2096.3135784,193.37413400885688,0.714264,0.764865,0.7313939,0.015478390430604286,1461.619065,1484.757466,1467.8452997,6.526987818781349,23.829216,30.121786,27.5223072,2.089673571641317,24.358448,28.487684,26.0871551,1.5211662052958252,3728.524579,4241.927099,3864.4664786,158.9159001916787
25,1000,10000,20038222,4.113876,59.822227,24.5738038,14.911870979997646,0.051242,8.744235,7.4211016,2.602411190089862,0.019094,8.085965,7.2692922,2.547487660977022,0.018852,12.101291,10.8782589,3.8156204714495923,0.007972,8.068651,7.2495631,2.5444518396668663,0.013171,8.071689,7.253279099999999,2.543930119721122,0.016984,8.076453,7.2625737,2.54584907049002,0.597732,73.165448,60.590497,21.3137356114285
31,1000,100,20038222,12.535933,35.842131,21.0847689,8.49074515331963,8.058879,16.024376,8.8660192,2.515199321061313,8.077601,16.058739,8.8899476,2.5188710927476663,12.088815,13.632376,12.2630126,0.48137241273217984,8.050356,8.080943,8.0686385,0.01033203264125686,8.044904,8.077201,8.0643713,0.00977832543093819,8.047259,8.080946,8.0635381,0.01017142409399987,64.976485,90.216031,69.5349918,7.731080432221745
10,1000,10000,20038222,0.193243,33.436287,3.5693789,10.494839631911141,0.074444,8.133025,0.8829163,2.5474291446284973,0.017392,8.034316,0.8197772000000001,2.534930622012927,0.008132,8.80258,0.8880229000000001,2.780891920634675,0.005404,0.00699,0.0060818,0.0005308152639520122,0.006693,0.009736,0.0081826,0.0009698191354863832,0.019182,0.021442,0.020282,0.0007772016755285874,0.284109,37.046911,3.9899199000000003,11.615071030029021
12,100000000,100,20038222,73.352288,153.988351,86.096519,27.54667747089345,1.578096,3.659356,2.2976951,0.5710758822119001,1456.246619,1466.778129,1460.7178552,2.8927400295597865,0.005676,13.391215,2.5479853,5.364726046366084,1573.580325,1632.224199,1583.8625133,17.36164864925183,9.688124,23.857651,11.8761317,4.328022004083674,12.134381,19.356772,13.4863988,2.18137980556715,3058.352329,3130.235923,3075.4435695,23.85840511308774
9,100000000,10000,20038222,97.549571,101.023848,98.2611119,1.0580816631203067,20.338519,31.17238,28.5333646,3.426362760677119,1521.251117,1531.226087,1525.7652341,3.2607703067634803,0.005947,12.027704,1.2099623,3.8009671211954887,1282.745892,1383.565564,1295.9782026,30.82727652519434,9.853639,17.860231,11.843582,2.2253139989182547,23.490019,26.854848,25.8375027,0.9644963029559984,2871.646677,2982.01417,2889.3990587,32.820673584079735
25,300000,1000000,20038222,12.268945,54.737086,24.2916495,13.427861300233037,39.496053,65.005781,47.8010221,6.5233259161815,4.236567,30.78904,6.9397253,8.380197132575569,0.129277,24.446454,2.5739212,7.685235040818853,0.162598,16.539323,1.811974,5.174684756645331,0.301506,9.043393,1.2397076,2.742416378682623,2.224125,10.769196,3.3382648,2.614161177787195,51.86224,165.069902,72.7836861,32.838407381583195
29,300000,1000000,20038222,23.848036,83.714887,36.6742362,19.443232657353956,44.344484,69.821024,49.6285721,7.444652749672141,4.169049,19.440043,6.7537576999999995,5.467047488373633,0.114026,12.355596,2.5729654,5.149326358214036,0.138096,8.500957,1.8155877,3.507100391898636,0.26424,8.942286,2.0420507999999997,3.616572474304789,2.264375,10.805338,4.142011,3.44322094335183,62.653684,151.582619,82.59856309999999,30.875519193348957
17,1000,10000,20038222,0.347112,50.171416,13.7384744,15.550774147664947,0.052633,10.713776,4.3442853999999995,4.587202437129318,0.018,8.060078,3.7407804,4.020390656831558,0.009669,12.063465,6.0335439,6.348495711660894,0.005895,8.036038,3.9407253,4.153257077553044,0.009131,8.045746,4.024844,4.2310919022269475,0.014613,8.062289,4.0336852,4.23446961807927,0.400237,71.220508,31.9923172,33.4454684983134
6,300000,1000000,20038222,0.587613,27.505116,3.3045994000000003,8.503204708441181,21.476033,37.342438,31.6408066,7.027972236988217,5.022122,5.789458,5.3855978,0.22991523550251666,0.451972,0.53355,0.4725801,0.024952758371014253,0.706575,0.990369,0.7885499,0.08821803066197852,1.46173,1.724868,1.5480647,0.08222496258037731,3.308852,3.709792,3.5222245,0.14595726848807503,33.657324,49.09915,43.6498994,6.822609635029761
3,1000,100,20038222,0.06387,0.081969,0.0729583,0.0068638123201808674,0.003978,0.009521,0.0062549,0.001892234449298266,0.018421,0.024083,0.0202168,0.0017290106869408167,0.001194,0.003793,0.0023228,0.0009535351534625709,0.014929,0.018075,0.0161156,0.001126717079739975,0.002116,0.003677,0.0028235,0.000537901323044788,0.001724,0.004366,0.0026689,0.0008517609797746471,0.082187,0.13046,0.1083629,0.01918788128220518
10,1000,1000000,20038222,0.190729,39.661975,4.1574123,12.475042065350321,29.152552,42.312793,38.910592199999996,3.891893062785564,0.021623,0.030952,0.0248606,0.0028399873708639385,0.325034,0.438231,0.3533313,0.03494777378397021,0.204437,0.288833,0.2279144,0.025799005291763565,0.168937,0.204456,0.1816365,0.012422963944512866,2.726873,3.148491,2.939547,0.14430462516111148,41.541129,49.778943,44.948495199999996,2.358869739438964
17,100000000,1000000,20038222,52.333275,111.646331,79.2669135,23.633444298085866,277.84806,342.886067,322.5734569,18.68319829417443,1470.194501,1573.334635,1510.7847363,32.307134441567655,0.214583,12.407181,2.6760101,5.127876148379614,348.394973,414.164308,359.5684794,22.537364390616183,14.982799,19.698233,16.3419864,1.472480611789974,6.892189,8.994113,7.7968530000000005,0.7651003245442901,2179.096158,2303.615465,2222.1642064,38.933905645802
31,1000,10000,20038222,12.59682,68.154322,31.9187445,17.300987131766345,8.07194,20.905344,11.7912325,4.95176695442394,8.066975,16.100608,10.1970365,3.477968694442626,12.089791,26.555326,14.9266558,5.537861689707275,8.06672,14.629141,9.4215031,2.244945997445445,8.044062,8.083685,8.0694367,0.01148417536390343,8.053654,9.939165,8.2604417,0.5899685094308093,64.977041,120.334585,81.3514103,20.323675243031204
21,300000,1000000,20038222,0.66838,43.740839,21.247863,14.097199226107433,41.863091,55.014954,46.1696027,3.5615235838521286,4.247313,22.32212,6.1763526,5.6740850535510665,0.151237,24.525195,2.6054158,7.701864128408492,0.192894,16.770249,1.8659805999999999,5.236878720140593,0.383327,13.439523,1.7461133,4.109310939111218,2.515067,14.499998,3.796895,3.761225599649756,52.142234,158.779496,70.1405749,31.694705375619606
9,300000,100,20038222,0.526771,40.192337,4.5017606,12.54039292069815,0.061615,8.072035,0.8678037,2.531311386047646,4.544077,16.183842,5.7268745999999995,3.6742226966989957,0.005201,12.016769,1.2068284,3.7982260013735125,3.592258,14.666614,4.7136943,3.4971170398173546,0.031884,8.036241,0.8343227000000001,2.530496823119394,0.035686,8.034919,0.8529402,2.5235360566075973,8.426524,78.986852,15.5219503,22.299310082494948
29,300000,100,20038222,23.958475,74.974878,35.9075554,18.346079488153364,8.069858,16.082692,11.4656921,4.00143182979,14.517706,24.564771,17.985227300000002,4.001861851868759,12.088837,24.046767,13.6998907,3.84786975586637,10.240451,19.050778,11.3191227,2.7177601595653504,8.072363,8.102475,8.0886593,0.010467087380610427,8.049035,8.079031,8.0631752,0.010336942410597101,74.531037,118.120261,89.8134328,13.990683332727771
13,1000,100,20038222,0.270916,16.276312,3.0779588,5.960723574931744,0.004183,8.026023,1.6076896,3.3788296106590323,0.016847,8.039427,1.6206969999999998,3.3792642800797794,0.0068,12.02753,2.4115518000000002,5.067578611704296,0.007377,8.025164,1.6115067,3.377492590870237,0.0045,8.017266,1.6066563,3.37596564706324,0.003757,8.02952,1.6069928,3.3782388373617858,0.245535,68.291703,13.467437899999998,27.82030354121
10,100000000,10000,20038222,88.01736,133.949446,92.9948513,14.394730700499268,20.664625,31.288052,28.9767341,3.197505845526598,1505.042362,1518.212775,1509.5853946,4.032921177775853,0.008214,12.03968,1.2121637,3.8044018008491767,1154.594697,1225.957721,1163.7096568,22.002018964980905,9.222236,16.869569,11.018604700000001,2.1674464804243234,16.238826,23.85384,20.4683646,2.199678928434643,2719.074065,2811.282124,2735.2127124,27.441567575601972
18,1000,100,20038222,0.402746,32.352778,11.8446199,8.710738235696859,0.005866,8.049842,5.6281681,3.8795605398587907,0.016642,8.067281,5.6459173,3.883758808525148,0.007817,12.065933,8.442981099999999,5.819855506186949,0.007316,8.045172,5.6266076,3.877198427571159,0.005278,8.044306,5.6302772999999995,3.881180816974707,0.004788,8.046908,5.6272725,3.878838426029377,0.309155,72.278901,47.144080100000004,31.492897748236082
25,1000,1000000,20038222,4.125757,72.073811,26.7644945,20.615525486630684,44.086045,52.439964,48.2780031,2.6240692151594747,0.020198,8.089178,0.8293284000000001,2.5508515871951123,0.164923,12.374224,1.4071136,3.853527639759941,0.068161,8.21644,0.8881428,2.574907551879131,0.071449,3.054951,0.3719067,0.9427269319261543,2.247419,2.627589,2.3727794,0.13674931504943225,57.45551,79.430062,64.2265616,7.064916653774139
11,300000,10000,20038222,0.495228,24.316991,4.1077624,8.06540544937699,0.539021,4.499246,0.9591075,1.2440286656797521,4.382801,4.418871,4.4026779,0.01229123308568624,0.006339,0.009912,0.0084642,0.0009922754769831927,1.2278,1.2947,1.2436753,0.02583773979644678,0.031205,0.03923,0.035728499999999996,0.0028004913953725255,0.028287,0.031501,0.0300303,0.0008987800435405021,6.446419,14.314499,7.8267768,2.882937846046471
5,1000,1000000,20038222,0.095155,2.779143,0.3778625,0.8438289226608344,21.044323,36.767078,29.38373,6.912976582173622,0.023838,0.032517,0.0265654,0.0026723453785433907,0.549971,0.661315,0.5871677,0.030056512753478235,0.399626,0.563694,0.4499324,0.04664372641679099,0.337509,0.507488,0.3766569,0.04827538175106555,3.702042,4.13829,3.9596797,0.14796285079186441,26.562126,42.48017,35.1463621,6.870797214633158
20,100000000,1000000,20038222,45.119888,94.761444,73.8254106,15.991120741801538,327.546394,341.778325,333.8653566,4.68782016542235,1433.353616,1668.362527,1492.0082575,74.7670051977704,0.19439,12.436422,6.7151074,6.111257609052661,296.293534,454.858263,359.0472978,72.35957879592988,13.712399,24.067447,19.1641837,3.6779873302963177,6.573319,16.249925,9.5692769,3.6154663960598947,2110.912016,2322.692954,2225.6004789,83.52909575967583
27,100000000,10000,20038222,37.701704,81.789737,68.074494,12.095179501796775,29.050721,36.241321,33.9507153,1.9500988073567538,1375.203132,1452.60056,1386.3009922,23.532430809633706,0.020293,14.404312,11.113556899999999,3.9651362998754096,430.021526,732.742623,586.7404422,99.11351259403219,8.352513,19.659959,14.7931488,4.772544417273425,10.0202,18.737242,11.9933757,2.709927350049281,1861.836456,2210.381012,2053.3497136,116.73634978481114
22,1000,100,20038222,0.462377,28.125799,12.1887676,7.989766928216982,0.004962,8.060274,6.4408362,3.3915680546725087,0.023036,8.075322,6.4544505,3.3895390421266316,0.012169,12.091022,9.6590216,5.082737889419402,0.010096,8.058698,6.4414,3.3894429138509867,0.005403,8.05219,6.4382146,3.3902964793341597,0.006215,8.053786,6.4386068000000005,3.389563784332524,0.371522,68.774295,52.9877715,27.782423976281844
12,300000,100,20038222,0.508172,16.549803,3.3373688,5.9884023275725555,0.026621,8.038959,1.6361374,3.3729771504008874,4.345549,14.286036,6.2213525999999995,3.900202700831478,0.005673,12.016861,2.0110899,4.327461510161778,2.721299,13.117284,4.7853553,4.3257488410668925,0.027889,8.058851,1.6357949,3.381775807054646,0.033379,8.038982,1.6535524,3.363128829489792,7.363162,75.437127,20.5250839,27.62243895983889
24,300000,10000,20038222,4.624019,75.169096,29.7667978,20.9029111641952,0.1122,13.776234,8.8754451,3.9534553438534825,4.131249,17.194856,13.5496486,3.62299744097101,0.014968,12.084507,10.8682784,3.813472599045425,0.611755,9.184744,8.312005599999999,2.7056154785532502,0.04204,8.100732,7.2815527,2.5437243607059514,0.021538,8.087154,7.2701728999999995,2.546925850832003,5.326423,86.660625,69.4909953,23.279439030533762
13,100000000,100,20038222,67.832474,162.031452,83.5883107,33.53665076042728,1.303512,3.347417,2.3719155,0.7494580280094632,1435.722405,1444.431816,1440.0149967,2.842543166450553,0.004984,12.034319,1.2097449,3.8033680642459067,1403.010448,1485.79383,1414.7812728,25.20757141147126,8.673121,21.885155,12.2844851,5.150703267876716,11.869192,18.087037,13.727509699999999,2.191166890980899,2866.887826,2975.330016,2884.6694048,32.98472429696889
15,300000,1000000,20038222,0.52115,62.412496,9.1871221,20.192802577334145,37.384906,43.63872,41.3487569,1.7188116757906664,4.403785,10.047723,5.0957106,1.7446804581477695,0.203476,12.477653,1.4456931,3.8762605064617928,0.276024,8.766583,1.1528999,2.6753634107145747,0.612958,9.39034,1.5355831,2.760199788761533,2.670057,10.209675,3.5764119,2.333577739224018,49.641819,104.499289,57.6308187,17.10214573831601
25,100000000,100,20038222,66.900026,184.79852,110.6640396,32.49761250497574,2.43551,14.406945,8.8601707,3.6149543582638324,1381.414581,1839.235287,1548.630549,173.10066319350528,0.018531,12.120409,10.8788539,3.815964126401157,713.129388,984.538104,796.3572991999999,82.6919295521832,9.086378,20.384139,14.9584335,3.404256990240153,12.905306,18.568893,14.1023288,1.6159484101100778,2124.184428,2901.676507,2400.6025181,258.78699336950797
13,100000000,1000000,20038222,67.746148,105.688853,73.9324391,12.95941680242909,277.423006,330.183056,316.7987798,18.553599846600036,1527.59684,1717.232855,1583.1281656,55.547945343668346,0.256803,12.545715,2.7230838,5.15374453658362,453.080732,496.594192,462.3411129,14.859959423910103,14.49458,18.220137,16.6818548,1.4138364990888213,8.509821,11.706395,9.5598411,1.1772455377368016,2337.906829,2520.359097,2391.9721896,54.78899299677357
13,1000,1000000,20038222,0.265027,29.516216,4.3899344,9.589146562604993,29.436104,45.082634,40.7677723,4.307217906181231,0.020222,0.032667,0.0240375,0.004151250661614588,0.258857,0.419214,0.3093267,0.046376959785005306,0.159713,0.218726,0.1801816,0.01842292736540833,0.132264,0.149939,0.1397556,0.006076812563616997,2.677888,3.185711,2.9143845,0.1665440363649273,41.925914,51.63862,46.5969381,2.7092505186813596
22,100000000,100,20038222,40.929174,149.500662,88.3149821,30.826486208882088,1.273185,12.117443,8.244515700000001,3.6559035492316942,1390.389813,1815.171014,1550.6056472999999,189.02686765931276,0.010607,13.596989,8.6105716,5.949665624403614,885.114015,1239.016416,1018.2816829999999,150.34024251592777,7.885561,22.433792,16.0180064,5.27235285725563,12.664443,18.440485,14.2881916,2.1819031491128307,2299.198419,3120.624311,2623.2624215,321.7399793704354
18,1000,10000,20038222,0.38081,49.349678,20.0146735,15.050081580193918,0.05044,8.123441,5.5044212,3.807219318730836,0.01661,8.06252,5.6450195,3.8827205257943747,0.009795,12.069903,7.4158254,6.016280868951371,0.006131,8.044198,4.8271917,4.148433688907204,0.008623,8.049495,4.8310478,4.148544092448332,0.014346,8.06048,4.8407328,4.152070298449245,0.463243,69.073422,42.165841,29.703666767212198
9,1000,1000000,20038222,0.171494,36.082467,3.7751801,11.351627100968884,24.608101,42.216333,37.5149403,5.472876718119903,0.023036,0.031472,0.0265209,0.0025499637666271083,0.348607,0.416158,0.3766944,0.022926464529495642,0.231664,0.305002,0.2640225,0.023592269803899748,0.186143,0.233052,0.2054389,0.016229718491773733,2.755563,3.199627,3.0313922,0.14802018100756098,36.966557,46.645169,43.0626435,3.233692690919616
32,300000,10000,20038222,12.934997,84.952086,35.9314052,21.750686522505177,8.156012,17.125738,11.5752244,3.723386648262042,14.109168,26.896127,16.3789785,3.8317128415135775,12.073898,24.092603,13.7556238,3.7597123977376485,8.903115,17.305118,9.9031929,2.64244100972947,8.075244,16.094545,8.8965383,2.529149358076174,8.076545,16.083867,9.079008,2.533048591391497,70.793365,144.274836,89.3273578,20.414243730014913
14,300000,10000,20038222,0.508225,18.120372,3.8849752,7.088314415027263,0.273167,8.639367,1.5280589,2.803430962083919,4.232465,11.472886,5.002379,2.2735931158525267,0.008417,12.029473,1.2114456,3.801067418251475,0.965895,9.89554,1.873195,2.8188429023562924,0.029692,8.053076,0.8386686000000001,2.534886849800695,0.023691,8.059489,0.8295691,2.5403352162432964,5.77436,70.194976,13.2211067,20.22608845914252
13,300000,100,20038222,0.518619,44.728743,7.3931652,15.198169798009436,0.02533,8.090335,1.2141118,2.6958149585203275,4.295382,14.373723,5.3298656,3.1777260715649485,0.006804,12.081397,1.2155676000000002,3.817863384328704,2.450856,12.943449,3.521619,3.310539652374351,0.028005,8.065749,0.8341458,2.540927582307418,0.032871,8.073663,0.8549215,2.5364465400591105,7.058232,79.860599,15.9757713,22.98489803825025
26,300000,100,20038222,11.077428,77.721637,31.1461698,20.09062759614225,0.024641,16.96835,9.378475,4.8323669079185665,4.145968,24.313356,15.5614078,5.542384523090516,0.016397,20.092032,11.6837539,4.809188223800087,1.251305,10.533482,9.5729825,2.9239790062903914,0.048808,8.101331,7.2827831,2.5417710104676776,0.010442,8.068292,7.2522088,2.5445217474534845,5.871224,102.877263,75.553072,26.69606895420804
8,300000,100,20038222,0.542836,16.003847,2.108779,4.882247069400638,0.082232,12.112641,1.3002915,3.7990786915415646,4.59108,15.049906,5.6688913,3.296200623381783,0.0045,12.007302,1.2056509,3.7953134375040443,3.936088,15.569106,5.116862,3.6725827725366065,0.03492,8.0337,0.8368816,2.528705676915199,0.037117,8.066065,0.8613036000000001,2.531557403126963,8.848615,83.751369,16.388313,23.668994096563114
1,300000,100,20038222,2.783582,2.84425,2.8210176000000002,0.01863892761102123,0.116595,0.157013,0.1448082,0.015251308612705995,3.501007,3.601422,3.5425089,0.03615445618899863,0.000659,0.000866,0.0007822,5.8227141437649167e-05,29.99943,30.092152,30.0520981,0.030247489833226282,0.082286,0.086129,0.083997,0.0013999588089178428,0.064444,0.088039,0.07284,0.0063606339481393085,33.790684,34.015538,33.9096657,0.06030916273861986
17,1000,100,20038222,0.368083,15.156032,7.4746812,6.146211265265579,0.004155,8.050712,4.8227804999999995,4.145857996693038,0.017053,8.050367,4.4351737,3.992016221956576,0.009214,12.055485,6.0280328999999995,6.343926217506289,0.007816,8.043398,4.0230385,4.231654679450115,0.005537,8.042117,4.0149296,4.225474244965468,0.003747,8.050965,4.0188733,4.230468834474235,0.297461,64.539083,34.0118511,31.841944787914308
21,300000,100,20038222,0.617414,82.675962,21.1986458,22.977159153865752,0.026271,8.443433,5.6871908,3.9069958892015686,4.21004,16.125694,11.4301122,5.038905296178191,0.009598,12.124782,8.4588127,5.829393850561558,1.551152,11.085582,8.2126242,4.595913312591084,0.040438,8.094625,5.6705721,3.8821984027713947,0.027933,8.070092,5.6496338,3.878635536459347,6.164391,82.003062,55.6038573,33.28777737012719
2,300000,10000,20038222,1.379879,1.642254,1.4580939,0.07655699054001829,0.582634,0.730623,0.682714,0.04702072920886418,4.690161,4.753968,4.7139368,0.01829440270683919,0.012421,0.012805,0.012661200000000001,0.0001270063865410798,6.585033,6.637687,6.6080029,0.01777720008231502,0.061013,0.070155,0.0647626,0.0027862061102669486,0.142923,0.184506,0.1495267,0.013144374707666986,12.148698,12.340568,12.255376,0.05833358947372346
16,100000000,10000,20038222,55.371801,86.969066,61.5567163,12.626674282320282,27.093776,31.752222,30.118852699999998,1.578041365974645,1427.909971,1435.222443,1431.4921953,2.501071567606344,0.008874,13.389042,1.3480140999999999,4.230786054781636,721.966537,764.613131,728.013759,12.953911393610742,7.743149,16.548831,10.1553606,2.676745737387065,12.951648,17.432668,15.1035314,1.5813778334788513,2206.803753,2267.299604,2216.5778043,18.270769265757426
26,300000,1000000,20038222,12.848947,50.349994,28.9675854,9.992854166209197,40.310787,63.98106,48.6476628,5.991478090694275,4.167358,20.35579,6.7719930999999995,5.581868446967883,0.123765,12.353733,1.9560718,4.108831918229581,0.156076,8.46357,1.0086911,2.61974158661352,0.300789,8.946123,1.2305685,2.712532017087776,2.338715,11.388165,3.4050016,2.808520575644219,56.470155,145.487802,75.8093571,25.990603436830142
7,1000,100,20038222,0.154756,12.109381,1.3593565,3.7771776054558472,0.004857,8.018815,0.8085121,2.5334436308311634,0.01722,0.023197,0.018796,0.001701498098082327,0.002477,0.016062,0.0057124,0.0038519408152831794,0.009059,0.011496,0.0102193,0.0006368717034589201,0.00268,0.005642,0.0042812,0.0010561713665667876,0.002156,0.004526,0.0036218,0.0007928367913875955,0.124572,16.123929,1.7653218,5.045139643522859
11,100000000,1000000,20038222,79.979116,123.429537,87.13933660000001,15.129942480674773,209.298778,331.331827,304.7735824,36.060455258715955,1534.479206,1703.821061,1601.5141005,52.90174553431476,0.300442,16.569204,1.9491034999999999,5.137020190601513,535.207301,543.82297,538.7328333,2.904822618741156,13.684832,23.042756,16.9377324,2.6778109009404263,9.501303,12.899327,10.5031232,0.9233808364460101,2422.853652,2575.460155,2475.1329589,43.05364834670162
5,300000,1000000,20038222,0.668382,3.694497,0.9842808000000001,0.9523498383661099,20.448045,34.2963,28.3021834,6.308815366613489,5.155571,6.795397,5.7139261,0.4888776976128192,0.515706,0.643737,0.5688102,0.03306025029077803,0.80156,1.249648,0.9753083,0.13724972986822234,1.601579,2.081411,1.8324982,0.1366653802555717,3.71107,4.157943,3.9697951000000002,0.12537780912501584,33.624965,47.17569,41.6128099,5.820984708592379
28,100000000,1000000,20038222,36.344604,79.509861,65.7939613,11.804116883304138,324.278477,371.832272,337.7728182,15.619276928539406,1405.665728,1710.811637,1465.8804456,95.73369278474837,2.494248,20.498874,12.177862,4.258920862418789,213.161104,329.878597,306.1519981,39.751564543081784,12.504679,29.666368,20.6448419,4.091429900119637,5.853338,15.041005,10.8735655,3.583132382604647,2048.598631,2486.665419,2164.0254394,124.6130963590051
13,300000,1000000,20038222,0.499203,28.745414,5.7852089,11.117083511307245,24.578282,44.261747,39.7421506,5.505393847801287,4.508436,5.120138,4.7526435,0.17076165671240914,0.237196,0.296558,0.2597247,0.020111103130415846,0.324005,0.44945,0.3678004,0.0383962055422726,0.705816,0.907946,0.778454,0.05767125824109538,2.801529,3.149048,2.9334178,0.11775404243950371,46.65904,60.383178,51.7279956,3.6846205008774637
29,1000,100,20038222,4.18702,38.672708,15.7691537,9.881077763063074,0.008633,16.02291,8.0601549,3.7746957045175753,0.02561,16.062849,8.0773789,3.7800625936826746,0.02243,19.715981,11.6510072,4.735867262275618,0.012976,8.082852,7.2596032,2.5462211914424087,0.010113,8.073888,7.2576316,2.546535606957255,0.011072,8.069504,7.252172,2.544285252439933,0.429736,92.23737,62.3668422,23.300124335807443
5,100000000,10000,20038222,174.539159,176.54055,175.1795191,0.6385797677562692,18.585411,31.533594,26.278357200000002,6.243779803916549,1689.658797,1700.503383,1696.224079,3.0863290813102138,0.006777,0.012994,0.0087116,0.0020409547983453453,2296.69071,2319.728533,2310.299816,7.912553196325041,16.530643,18.593874,17.4391914,0.8828853149324533,24.545834,32.408819,27.9217956,2.7488601575527514,4055.504944,4093.864999,4078.2972667,11.898760573517638
23,100000000,100,20038222,43.176614,133.149062,88.3746604,22.135909518647885,1.653785,10.548501,7.4040456,3.867205301379256,1403.341953,1832.660184,1494.5884966,153.8466045561482,0.016047,12.093076,9.668099,5.0868567689970945,885.484482,1252.783653,1021.9190551,145.1469936637941,8.634768,20.624464,14.927278399999999,4.419724746548545,13.089898,17.822408,14.5391543,1.7281891566156145,2317.604327,2959.865609,2568.7226682,260.15958116369694
30,300000,1000000,20038222,19.5853,56.78295,30.4159404,11.461419221453532,44.538915,73.237992,49.5165998,8.744822989325423,4.156249,26.129123,6.4288843,6.9229266595548875,0.113403,12.3665,1.3533044,3.869690302938271,0.139194,8.433981,0.9822641999999999,2.6183234612111703,0.268861,8.949353,1.1890449,2.7275101442289187,2.460582,14.19692,4.1310537,3.7568720368259982,60.501774,168.682246,76.3746379,33.02729684513491
26,1000,100,20038222,4.129782,22.882366,13.8133869,5.106491825398278,0.008502,8.065981,6.4444110000000006,3.3919702111265986,0.018955,8.085268,6.4631034,3.3952538069366835,0.014072,12.088383,9.6683916,5.087917080488116,0.011751,8.063468,6.4501983,3.3927365701439323,0.008773,8.066937,6.4465568,3.392630559208061,0.007732,8.061824,6.4441606,3.392062265696987,0.494758,71.210129,54.2056141,27.452024219630626
4,1000,10000,20038222,0.076064,0.098066,0.08819930000000001,0.007277252595893894,0.197711,0.261675,0.23038820000000002,0.02514079576129425,0.016813,0.019537,0.0187595,0.0007848994627763902,0.007248,0.010132,0.008692,0.0011322351542168458,0.0058,0.008654,0.0072020999999999995,0.0010735182501165658,0.009638,0.011841,0.0105054,0.0007389819122730047,0.040554,0.050586,0.0424163,0.0029487999461174407,0.324296,0.452078,0.3921717,0.04942593188476852
24,1000,10000,20038222,4.129922,71.50884,22.987338400000002,19.2951179364824,0.047266,8.574636,5.738222,3.9275905233433726,0.017739,8.077335,5.6557193,3.8887290285880196,0.012088,12.099566,8.4625579,5.829586078664523,0.006251,8.062361,5.6395612,3.8863835257184167,0.00861,8.064637,5.6421193,3.886063991917816,0.014459,8.074453,5.6511125,3.8885994761257985,0.525921,69.373572,48.0788858,31.17149000278851
26,100000000,1000000,20038222,44.400843,84.806617,72.6564794,12.263467451445335,320.658971,355.098103,334.9214728,9.726288071939127,1411.798626,1505.868542,1442.9623432,31.45133130382208,0.205143,12.370359,8.7777035,5.736778331599797,229.27982,349.040363,301.1921092,57.57890304510606,14.050165,24.174691,19.7804009,3.914525444261112,5.750108,13.455469,9.1456045,3.3923103707190227,2027.272189,2174.969518,2124.4034814,53.24420849350306
28,100000000,10000,20038222,58.471342,105.879103,68.5762516,13.532175439272992,30.020626,40.085976,34.3919249,2.5610909773445494,1369.818595,1456.247694,1384.9540944999999,25.612737858841044,0.029127,20.090827,12.0912449,5.003888992991717,414.91388,634.42545,521.8249684,102.44124325612638,9.065952,20.013396,13.5445067,3.5462603257741514,9.533135,15.237918,11.7182315,1.8175859698578376,1847.932806,2179.506881,1986.1562466,117.81508189091691
11,100000000,100,20038222,79.7603,157.293735,91.5789896,25.77580535914561,1.831877,3.027211,2.4000051,0.38639780178994293,1473.201625,1482.31965,1477.7241259,2.485104811899603,0.004181,12.02522,1.2080419999999998,3.8007690401838996,1745.918418,1764.359989,1752.8096130000001,5.5592293877228744,8.78705,17.587955,11.274136,2.4912974582070464,12.14668,14.114959,12.6847489,0.5728575386561754,3247.191599,3273.262063,3258.3417015,8.31976614751609
8,300000,10000,20038222,0.523744,29.22041,3.4102131,9.068783829690377,0.679858,4.595909,1.180872,1.201217074394688,4.564451,4.60938,4.5868869,0.013320661940926314,0.006196,0.009142,0.0079884,0.0007563296165620444,1.673384,1.766233,1.7004526,0.034763071780267066,0.028981,0.04828,0.0365009,0.00579984870396538,0.037584,0.056723,0.041503899999999996,0.005482533669147262,7.131425,17.455575,8.3262862,3.2089788133364445
3,1000,10000,20038222,0.055664,0.075354,0.0672977,0.006325812043612354,0.254523,0.329224,0.2853667,0.029834039924779437,0.017689,0.020654,0.0192698,0.0009897724542091027,0.008974,0.012482,0.0104143,0.0012674367001506977,0.007008,0.010558,0.0084868,0.001268635119593757,0.011898,0.014616,0.013052600000000001,0.0009242428973669926,0.079571,0.09313,0.0852487,0.004227136568253582,0.41559,0.53094,0.47222359999999997,0.048137153011415655
4,300000,100,20038222,0.796179,0.848934,0.8218891,0.020161100479498754,0.125882,0.251328,0.1816465,0.04444205828629253,5.193701,5.499027,5.2485305,0.090554619331527,0.001764,0.004524,0.0029857,0.0010436655541354659,7.543323,7.603994,7.5708013,0.018174917411091635,0.030642,0.062265,0.0499517,0.01396950441378171,0.036164,0.101673,0.0794984,0.020713102317132505,13.03897,13.326563,13.1961351,0.09985224278174427
20,1000,1000000,20038222,0.408096,81.40767,23.0455326,23.262723175748185,40.767227,53.199076,46.5229195,3.8283271479088983,0.019215,16.066028,1.6261181999999998,5.073667320196567,0.190301,14.49104,1.6534125,4.510725981532247,0.088419,8.286023,0.9138432,2.5903280473688097,0.087082,8.235984,0.9060268,2.5754896009252213,2.212718,11.52757,3.3362271000000003,2.8799541470123926,45.812533,128.498843,63.3278548,23.563336110579367
12,300000,1000000,20038222,0.521183,29.296889,5.0961879,10.013788596603025,27.928324,46.340869,39.9113968,4.672172007582335,4.591342,11.51557,5.4739716,2.1315928122443606,0.253052,12.520581,1.4934632,3.874563810144219,0.361187,9.063227,1.2618019,2.741452050774044,0.776926,9.624826,1.7004132,2.7849381190117755,2.806988,12.077169,3.9373306,2.8627288081814215,49.612641,113.722987,56.7671159,20.028117999186662
15,1000,1000000,20038222,0.308352,43.31373,7.0732099,14.770675145803544,37.029782,45.201679,42.2022913,2.232797437757351,0.018626,4.042387,0.42382179999999997,1.2714353340363707,0.245275,12.422614,1.4873078,3.8423302194668505,0.124051,8.285811,0.9588221000000001,2.5744818224856845,0.113339,8.2428,0.9304958000000001,2.569284683143834,2.532058,11.966356,3.6172895,2.935981301904479,45.076049,95.185822,53.2893467,15.931209594557249
1,300000,10000,20038222,2.66765,2.813819,2.7176772,0.05699960608206968,0.795084,1.040632,0.9539675,0.07158945935952366,3.494565,3.596188,3.5372152,0.029880452781040633,0.023589,0.024052,0.0237522,0.0001345757118585009,13.131843,13.263144,13.196762399999999,0.03827529412964875,0.124867,0.131687,0.1284044,0.002266170396653056,0.230186,0.244067,0.2333653,0.004231113067372329,17.904926,18.191888,18.0865574,0.09386463603177597
5,1000,100,20038222,0.107454,1.718564,0.2826616,0.5046267943820132,0.00401,0.007332,0.0056986,0.001213017742839916,0.017527,0.019195,0.018327,0.0006079336586613157,0.001618,0.005056,0.0033288,0.0013424722467646523,0.009991,0.01318,0.0115447,0.001089046478959155,0.002023,0.004727,0.0033175,0.000984297070107507,0.001843,0.004291,0.0028785,0.0008725203913567483,0.092755,0.180376,0.1331097,0.03117869583563609
23,1000,10000,20038222,4.087689,75.226061,23.1825859,20.04098993664028,0.047368,8.551177,6.5393092,3.422805062707837,0.019277,8.076749,6.4562374,3.39195902553774,0.012695,12.087287,9.6636704,5.086332125501248,0.006941,8.055097,6.4402032,3.3903361198178437,0.010975,8.063748,6.4428547,3.389856440981078,0.014972,8.072329,6.4547029,3.393800368806806,0.439601,76.623098,55.979313600000005,29.52577289422911
8,100000000,1000000,20038222,109.646341,113.558012,110.50676680000001,1.1179592267067908,203.284321,327.01614,301.2100501,39.63303135157367,1597.653827,1855.804755,1708.9235352,79.66341069842565,0.394552,12.682273,1.6514084,3.8759987406761285,733.566896,750.670271,740.4335048,5.085981578191549,16.734935,23.848788,19.165157,2.1060343738029434,13.507409,20.046126,15.4948978,2.0826653735096707,2690.101835,2934.48184,2787.4354074,74.31560736707034
3,100000000,100,20038222,289.617244,290.477406,290.0011823,0.30382360628606836,0.725891,5.991346,2.4280161000000002,1.7681682708143946,1802.727134,1808.932918,1805.3189513,2.2821422608276594,0.001272,0.006795,0.0036073999999999998,0.0018493763633542343,5925.275598,5937.634725,5931.1765791,4.77856406958882,25.75516,27.308542,26.6768716,0.5176389812097056,11.794179,13.098717,12.6886616,0.41538092093274254,7772.963503,7783.281451,7778.3831342,3.61693447234439
21,100000000,10000,20038222,42.920604,101.087509,70.8060607,16.969812682247085,30.546606,35.139688,33.2886134,1.718934817350184,1397.556119,1407.152528,1401.6785891,2.8738814878209813,0.017129,12.095429,9.2616383,5.030495538985224,552.467936,837.665035,721.7966608,134.31928352792508,8.239118,19.478669,15.3939853,4.425014112972047,11.104253,14.773932,12.7302167,1.204797068626548,2011.097728,2321.892541,2199.7498348999998,141.40197696493277
4,1000,1000000,20038222,0.071456,0.096921,0.0866688,0.007415210835393238,22.104081,32.205995,27.755769400000002,4.621619909039091,0.023903,0.034643,0.0289434,0.0030005260353626146,0.674672,0.784239,0.7014609,0.03311084572378732,0.481776,0.659754,0.5381321,0.050852213637931014,0.42475,0.610544,0.4625964,0.05611122925087673,4.387327,4.837032,4.5584457,0.13666687292021015,28.822964,38.678078,34.3824743,4.523748815909263
8,1000,100,20038222,0.175374,18.91864,2.0622582,5.922737860434345,0.004922,8.009568,0.8073562,2.5305996746297024,0.01746,8.022584,0.8186113,2.531218031042282,0.004178,12.002701,1.2054662,3.793762677795073,0.009048,8.014708,0.8106719000000001,2.531240515046875,0.003159,8.002864,0.8044141,2.529277542866318,0.003264,8.001113,0.8039638,2.5288205158218107,0.160238,63.962112,6.5695146,20.165711829200557
32,100000000,10000,20038222,55.085994,85.570466,71.2261475,9.07630886439093,28.928816,36.560925,33.5428655,1.944141599003143,1360.652441,1384.653271,1367.4944512,6.861572579167632,0.032809,20.138195,10.5027487,6.057566758664792,362.390062,562.654911,478.4954435,87.28630832004434,8.395025,19.699538,15.0210975,3.8327454118635016,8.422622,17.038246,12.1238106,3.2700757662781115,1785.04021,2025.65909,1928.1221525,96.18281365237118
6,300000,100,20038222,0.607265,17.063659,2.2778019,5.195242144217309,0.105231,8.122226,0.9443107,2.5221536323800757,4.835394,9.002722,5.2830304,1.3070902744913309,0.002292,0.00497,0.0038281,0.001042768052402408,5.135141,5.205601,5.169159,0.022245625927109502,0.023579,0.046151,0.0382326,0.009484274284894501,0.037872,0.100342,0.0707078,0.020851016558218714,10.291391,26.405899,12.002363,5.061282149488474
21,300000,10000,20038222,0.613789,62.393431,24.8748746,19.491432420030687,0.112953,8.181665,5.7515339999999995,3.889042909641708,4.157968,16.118405,11.1527151,4.929725098474389,0.012868,12.079532,8.4530362,5.82417118229412,0.654021,9.331901,6.7234791000000005,4.186525112867245,0.043528,8.096116,5.674628,3.8851958776251054,0.018895,8.0849,5.6611361,3.892127380963739,5.312725,81.910151,53.9536669,32.7877248641382
18,300000,100,20038222,0.582258,50.876992,15.983891400000001,14.347042279815751,0.023787,8.069692,6.4517438,3.386677994029147,4.24754,15.328125,11.8033286,4.124386029910262,0.010385,12.067748,9.6456638,5.078222772784606,1.850722,13.652561,9.714022,4.203944906210092,0.036474,8.084028,6.4657031,3.387938151344477,0.037012,8.062946,6.4492322,3.378258829720482,6.468974,79.945755,60.9083428,28.842289549341174
15,300000,100,20038222,0.516939,55.37551,7.2471836,17.339840658846047,0.019746,8.039621,1.6286294000000001,3.3759060710914075,4.305038,14.691998,6.3859438,4.335238190332973,0.006118,12.037756,2.4134662,5.069684373587939,2.152121,12.284315,4.1868793,4.265542447732971,0.029528,8.053602,1.6373357,3.378779705882947,0.025551,8.053284,1.6440928,3.374070406553116,6.736628,83.18297,21.2940387,30.560923664979416
6,100000000,100,20038222,145.412498,159.916446,147.1230247,4.501710171946018,1.101505,2.992491,1.989424,0.6222949499775452,1614.055908,1624.330486,1619.477339,3.4770899537641577,0.002114,12.002896,1.2039274,3.7943709114125945,2967.41944,3001.430542,2975.1623839,9.825531365610184,13.753373,15.751427,14.6285135,0.6593846014139496,12.329655,13.215965,12.5973365,0.2697499500031877,4613.360117,4663.935691,4625.2101858000005,14.895056924879968
3,100000000,10000,20038222,289.928511,292.565567,291.2767417,0.9149618301841882,16.02705,31.73084,24.5995897,7.055092754451623,1862.500111,1868.760456,1865.9458387,1.94942134055322,0.009561,0.015665,0.012014,0.0021768383291165907,3843.572283,3864.055386,3851.616024,5.618815003483394,25.711359,27.647304,26.8952313,0.5390502740949014,22.439147,31.360162,24.9823342,2.935385351041165,5781.926615,5804.143987,5794.1388055,8.65057432117687
7,100000000,1000000,20038222,124.867434,174.936628,130.4770026,15.626788742684367,194.226845,333.837047,287.1895292,53.57634455084089,1671.06173,1906.552526,1770.462208,70.26153542099209,0.434445,13.628337,1.7804596,4.163045683519785,838.438518,919.950739,850.9687078000001,24.5346489703585,17.72988,21.237322,19.7451685,1.3568783178272952,14.622033,23.002279,16.503678700000002,2.4787054046529144,2867.102699,3048.901531,2947.1462733,59.303552995034444
4,300000,10000,20038222,0.756398,0.839466,0.8082056,0.024681352948689374,0.578681,1.100269,0.8929106,0.22884406239582059,5.130883,5.176659,5.1550078,0.017224436412647485,0.007384,0.009982,0.008858,0.0010898840916966047,3.300005,3.550765,3.3419786,0.07400340337999484,0.030119,0.080804,0.0442942,0.015556198927330117,0.071108,0.078893,0.0734689,0.0028820516399876584,9.206691,10.000753,9.5803632,0.29567007296414394
2,300000,1000000,20038222,1.383117,1.465582,1.4075331,0.02373590854685037,31.788127,33.494067,32.8561997,0.6467882118451059,7.486617,11.548577,9.6086766,1.658206475807468,1.266374,1.460686,1.3763835,0.08411263976524438,2.075252,2.946248,2.5683791,0.3910154212183254,4.082978,4.625096,4.4056376,0.25365654046463876,8.209079,8.508823,8.3500575,0.11142678037093845,55.068566,62.175733,59.207068899999996,3.0136813546890333
18,100000000,1000000,20038222,49.829518,106.018181,80.1984654,21.59437907347551,324.303833,342.484133,335.4600091,5.863628413368017,1445.416703,1845.605104,1537.2072211,117.50617031348153,0.20695,21.807474,7.719314,7.377853925891518,329.44553,499.922996,404.174824,80.42408616286464,14.095646,27.597395,18.2863586,4.622511936169246,6.844409,14.31517,8.4431853,2.1585020893302658,2142.034604,2737.332391,2315.6981837,166.36575576368168
14,300000,100,20038222,0.527311,52.743025,7.3917734,16.7034064954306,0.02567,0.03011,0.0279922,0.001369440826679919,4.297036,4.373421,4.3286874,0.02518940245067785,0.004884,0.012985,0.0082753,0.00204347384236854,2.412837,2.436277,2.4242924,0.008051247207731253,0.028038,0.037242,0.0321105,0.00315125915750796,0.035487,0.070174,0.0509478,0.01131905477796917,7.024174,19.028633,8.6748112,3.8526047602672024
24,100000000,10000,20038222,41.13906,87.477573,73.9241085,17.35209431182928,30.197276,36.843732,33.5276461,2.30700925560887,1383.104754,1394.526053,1388.1000512,3.9384997513182882,0.025695,12.106131,9.6890119,3.8818674938444957,484.445197,747.063558,638.0358348,113.93757450157337,9.222757,20.996681,15.1885894,4.49719938358066,10.4244,16.980677,12.7403015,1.7788887307773076,1933.548702,2225.765679,2103.7427177,121.37956654289438
5,1000,10000,20038222,0.095752,12.071884,1.3052205000000001,3.783028743720867,0.143183,8.264955,0.9767649,2.560838162915392,0.016026,8.031911,0.8192048,2.53428675133988,0.006176,12.024006,1.2095408,3.799815919127159,0.005165,8.015234,0.8073347,2.532597849807104,0.008324,3.631267,0.3716945,1.1452974189483853,0.032859,0.039757,0.0348201,0.0021989833736928937,0.281151,47.791042,5.0844081,15.005631360400818
10,1000,100,20038222,0.221276,16.831586,1.8963541000000002,5.247722044891615,0.006273,8.024787,0.8087671,2.5354509889129497,0.017064,8.027161,0.8196125999999999,2.532475826720879,0.005142,12.006772,1.2061476,3.7949526335980415,0.008101,8.014413,0.8097728999999999,2.531452696177278,0.004032,8.011585,0.805733,2.5318784521270192,0.002899,8.006627,0.8040908,2.530713311204254,0.211142,63.936832,6.600053900000001,20.146095290071873
27,1000,100,20038222,8.429503,19.64391,13.4594763,3.045240741587147,8.04647,8.070416,8.0611268,0.00893128957716157,8.058435,8.090406,8.077150399999999,0.010030620432788271,12.06651,12.108274,12.0907874,0.01164336971270215,8.048139,8.077423,8.0618813,0.009122535954071538,8.048316,8.07059,8.0577328,0.007614569029899711,8.046738,8.070925,8.0583842,0.007914595122655261,64.760117,68.823415,65.6339746,1.356313375226077
1,100000000,100,20038222,866.062121,870.002571,867.9962706,1.2457681693039528,0.280774,0.303594,0.2931478,0.00629776425584684,1247.02072,1269.618284,1258.9625789,8.282583867817905,0.000724,0.00088,0.0008392,5.203802028858857e-05,17406.811385,17434.475475,17417.8477295,9.715548178432194,72.531152,78.026267,75.0427444,1.6562746466392053,12.515037,13.338223,12.8325763,0.25437669265832685,18743.352333,18795.443324,18765.0063836,16.50265686541848
11,300000,1000000,20038222,0.487957,35.73128,5.2545661,11.370957607640424,23.882465,40.92479,38.1288562,5.079355927242215,4.669475,5.070107,4.8907313,0.12524938194396185,0.269801,0.349211,0.292685,0.02158901892166478,0.378942,0.518641,0.435316,0.046745459689209984,0.804898,1.033245,0.9017821,0.06386942909031065,2.651597,3.289603,2.9490597,0.19908105353462327,38.762973,58.751207,49.5008445,4.786429204512164
20,300000,100,20038222,0.603952,73.657302,20.7477892,20.999814224392185,0.024729,8.693808,6.5193802000000005,3.428053675788114,4.203505,14.745544,12.1753075,4.218106620288519,0.011,12.070748,9.6524808,5.0811644397903475,1.570168,11.121283,9.1851847,4.012736272351381,0.037055,8.082203,6.4651305,3.385928419263869,0.027193,8.066558,6.44954,3.3829742708655384,6.145651,83.531523,62.100039100000004,29.700142517368878
6,100000000,10000,20038222,145.614099,164.900599,147.993913,5.949222534599365,18.884609,30.932759,26.5316975,5.312138517405924,1641.866895,1652.629656,1647.5373978,3.457810211157401,0.006579,12.020232,1.2093921,3.7985420605806834,1924.377725,1971.02895,1930.9064407,14.193151782023257,14.076139,16.28247,14.800151399999999,0.6094972345785774,6.902551,9.010842,8.1062011,0.7949269315426909,3612.978286,3672.287985,3629.2462858999997,16.02243776956864
18,1000,1000000,20038222,0.376598,71.991378,22.2200703,20.91191796089229,43.611091,47.903819,45.6065384,1.7093023764275674,0.019028,8.047625,0.8240956,2.538090066900227,0.203067,12.486184,1.4492222,3.8780534922368464,0.100919,8.292913,0.9284849000000001,2.5876231201558295,0.095084,8.253546,0.9148111,2.5785708966891567,2.232907,11.398321,3.3801851,2.820018257846508,47.497911,106.086062,60.695275699999996,16.775148353224903
28,300000,10000,20038222,22.343155,60.615439,30.6317982,11.118513196222834,4.168811,16.194944,9.0771976,3.192371635184872,13.123187,24.036099,15.393466,3.1574160806939378,12.052976,24.095502,13.2911328,3.796302373079415,9.003838,17.503764,9.8693722,2.6824884724039273,4.078127,16.105242,8.4923226,2.957499843507884,8.068325,16.092648,8.8816181,2.5337045238388463,59.495921,144.965183,82.0339505,22.877317684576195
30,1000,10000,20038222,17.678325,65.102638,30.5301709,13.393927121919317,8.092854,17.045372,12.2179163,4.336199653360662,8.082326,19.932389,12.4769844,4.7560486982733705,12.081033,24.410549,14.8050375,5.050961036182679,8.050952,16.065256,9.668619,3.3661146093743355,8.061068,16.069122,9.6684462,3.3656208691119285,8.06989,16.064313,8.8812866,2.5238757321891616,67.676775,130.349456,88.60809330000001,24.268401523511457
22,100000000,10000,20038222,41.035155,79.781389,68.1742141,14.482771076072673,30.64973,36.047094,33.3911177,2.141407408098756,1390.032907,1401.852439,1394.711675,3.939357147747798,0.014902,20.089543,7.6587888,6.941859950220574,525.847333,799.116657,612.096015,127.8168742705013,7.419015,19.056674,13.0216806,4.507334957438232,9.497425,13.594477,11.9971316,1.1523351322356221,1974.172194,2280.174992,2078.8658665000003,138.25561290758452
24,1000,100,20038222,3.713688,24.28074,12.7140088,5.970882336822903,0.006997,8.062466,6.4449124,3.3927225464964206,0.02022,8.086687,6.4617261,3.3938040774566574,0.011848,12.118371,9.6698029,5.089662853213963,0.009963,8.061836,6.4446088,3.391254986932773,0.009464,8.061431,6.4450731999999995,3.3913587967332437,0.009235,8.05869,6.4424023,3.390531169104073,0.428271,72.735246,54.4243872,28.683129487724393
22,100000000,1000000,20038222,40.925769,86.944386,68.5965246,14.714234196178134,329.335786,347.333342,335.7327406,6.368496777205457,1428.864852,1561.592401,1476.0101322,52.51426882989355,0.182792,12.393243,8.7203199,5.862622124549644,270.006231,414.647939,347.4702969,70.46705212577211,14.53406,25.349116,19.821196399999998,4.280700227452908,6.174886,14.043881,10.2024882,3.7815126947746953,2071.962415,2263.124446,2205.140448,60.08340244788857
9,300000,1000000,20038222,0.514101,10.461842,1.532235,3.137575474539431,24.102967,42.044917,36.912557,5.24464703172103,4.746357,5.399483,5.0340942,0.19902588327529439,0.311078,0.389073,0.3458205,0.023835851891402762,0.455687,0.645404,0.5477571,0.06485345233413219,0.964043,1.218803,1.0875667,0.0765069371684686,2.913392,3.332809,3.1076718,0.13241530309832858,34.855121,52.248168,47.4748628,5.212811466437256
16,1000,1000000,20038222,0.322894,54.706611,7.9773765,17.816364831598825,41.891665,46.324709,43.0921175,1.2609619370436773,0.018838,8.042166,0.8246086,2.5359927693982622,0.228815,12.542495,1.4897099,3.883683463653158,0.118028,8.327177,0.95074,2.5918648579356054,0.107315,8.292594,0.9282566999999999,2.587565417411383,2.429957,10.851154,3.4727696999999997,2.5960272774261166,45.705534,103.593069,53.1478835,17.842286409754198
15,100000000,1000000,20038222,59.065264,110.478336,68.27596919999999,19.395841457998863,274.236174,346.594145,322.432957,21.22034743732388,1496.884747,1623.591143,1538.7367797,42.06462768023974,0.236428,14.028544,2.8428776,5.479198873262672,394.089372,449.657947,404.3975959,19.82361623392547,12.953396,20.806209,16.3051171,2.5676216512092123,7.647894,10.70509,8.5730069,1.1903350035569773,2242.362159,2378.801571,2294.0164803,49.26505550930541
17,300000,10000,20038222,0.551824,68.569996,16.307599800000002,21.515496524966334,0.117178,8.194174,3.7633682999999998,3.9272939368302118,4.228562,16.263595,8.7979921,4.990620030192518,0.010527,12.061976,5.6716476,6.062876061284835,0.809705,9.621628,5.2124902,4.630200201603065,0.038233,8.089037,3.6601026,3.997933514071911,0.022585,8.078674,4.048533,4.242955501693156,5.516455,74.393662,37.661610100000004,31.916706022163858
31,100000000,10000,20038222,33.517464,83.776881,66.7014915,13.374513308751707,29.876296,38.869417,34.2802795,2.405917600558545,1364.591729,1600.431118,1393.7190497000001,73.02230546806297,0.018355,12.129702,8.476542,5.834297750723237,374.044689,581.401227,511.2833961,94.38938089828783,8.154449,19.71658,15.8297701,4.4312407557186875,9.025771,17.348463,10.9347636,2.6310501595604237,1794.926369,2250.019447,1982.2882937,136.00030642233972
16,1000,10000,20038222,0.311225,60.101203,7.8926682,19.007117343801703,0.053182,8.100027,1.6676870000000001,3.387414054515299,0.016462,8.047724,1.6229968000000001,3.3836249638675913,0.008524,12.032967,2.4143517,5.068650193512668,0.005139,8.025481,1.6093296,3.378912777317652,0.006671,8.018539,1.6105954,3.3770724204529645,0.014582,8.044724,1.6205562,3.3822788204876115,0.390147,64.512137,13.2379678,26.989634593393077
15,1000,100,20038222,0.324075,12.208373,2.5641455,4.704262181890712,0.003791,8.031271,1.6086234,3.379959916994454,0.016794,8.033924,1.6213656,3.3796977429677613,0.006947,12.033705,2.4111406,5.066337490019704,0.00736,8.024364,1.6111852,3.3793092569678858,0.005237,8.026185,1.6092236,3.378738764872419,0.003988,8.013482,1.6071055,3.375990914284715,0.283251,66.267737,13.3180514,27.418257336679797
29,1000,1000000,20038222,11.224253,83.214076,35.0644932,23.138136382239168,44.920539,57.270433,49.0602021,4.7089229129282355,0.02139,8.098367,1.2339272,2.724902629378884,0.138731,12.434168,2.6032816,5.170089386799037,0.061535,8.284668,1.7046706999999999,3.454825484435294,0.063482,8.254994,1.2969496,2.764169020821757,2.210911,10.443713,3.875489,3.2487138075800264,55.983135,133.231249,74.0579362,26.446396188266288
28,300000,100,20038222,12.815617,83.937589,34.0806169,20.670946154308524,8.066335,16.714564,10.1690086,3.516185169684207,12.523275,24.995788,16.2220378,4.093426000495884,12.068365,27.991496,13.6871211,5.026087531741839,10.10903,19.389932,11.3472047,2.8289454032977677,8.046219,16.095819,8.885660099999999,2.533451365957403,8.022899,16.064544,8.8579877,2.5321753359653725,75.838867,149.399273,87.629498,22.38975503434407
9,100000000,100,20038222,97.465793,173.401679,105.4185694,23.888642154380406,1.471402,2.604807,1.9164214,0.3899063293285823,1509.278131,1518.944817,1513.7685839,2.7187564458098485,0.003447,20.037093,2.0082253999999997,6.3346984481649455,2097.471013,2124.44726,2103.6278846,8.489323449091692,10.403318,17.272832,12.4669587,2.139724665450677,11.861631,13.550223,12.6367186,0.4584798241152073,3634.457635,3685.835935,3646.6329006,15.316348068214573
21,100000000,1000000,20038222,42.965362,95.111489,72.01707400000001,16.55795546963849,324.369134,359.788523,335.1743203,10.203603940506088,1436.765192,1695.099666,1495.2654898,79.97421238973716,0.186051,12.410804,6.2919514,6.413792783840692,283.019027,430.992036,336.8411919,66.24173029670914,13.947543,23.075985,17.7228869,3.610870183474967,5.911697,14.535909,8.2604885,3.2902037929747774,2089.289838,2387.54544,2206.2534069,99.83821842790353
10,300000,10000,20038222,0.507291,19.375946,2.403371,5.963559956347103,0.591372,2.295857,0.8105081,0.5224853868243483,4.405873,4.46172,4.4388819,0.015976559610532258,0.006418,0.023998,0.0100775,0.005010196785889086,1.346272,1.437755,1.3808866,0.037907881488330776,0.030141,0.042507,0.0360644,0.00314794593346201,0.030314,0.044769,0.034338099999999996,0.0043721107145176475,6.625031,16.298631,7.6776879,3.029490435491254
32,1000,1000000,20038222,24.835662,58.789988,33.5134007,11.704821191655913,45.216887,72.384112,51.251697899999996,7.582730607875657,0.019251,16.900749,2.5194319000000003,5.325596269819381,0.12157,24.431306,3.798378,8.203499714927904,0.054504,13.582296,2.2315022,4.746220835687409,0.057384,8.183312,1.2890193,2.749698431123556,2.144027,10.714034,3.9783085,3.32277780320881,56.437603,170.563545,80.5771885,34.150994800665444
23,1000,100,20038222,4.078958,24.180801,12.2088153,5.658199280374456,0.00671,16.023749,6.4323711,5.0716091387763145,0.018864,16.044762,6.4534044999999995,5.074984474802684,0.012921,16.081244,8.4615606,6.127705896741169,0.008284,8.062764,5.6432942,3.888029802282236,0.005812,8.059804,5.6365457,3.884214067610562,0.006169,8.054504,5.6358289,3.884460207529754,0.430356,96.353075,48.6132073,34.78680560004325
13,1000,10000,20038222,0.261017,36.946591,5.1394923,11.786648664215315,0.064058,8.11865,1.6775338000000002,3.3928492722382337,0.016903,8.052414,1.6237486,3.3838589310943408,0.008174,12.036474,2.4128377,5.067914637689266,0.004729,8.022288,1.608188,3.37744842948266,0.006975,8.024991,1.611032,3.3790563140224354,0.01613,8.049069,1.6244186999999999,3.3833091486508375,0.378124,72.325192,14.0065535,28.746387597056394
19,300000,1000000,20038222,0.604351,49.596365,18.7248363,14.04585982976597,38.092829,48.104354,44.1643829,3.5962158199560714,4.30207,4.609442,4.4273634,0.12040696745454557,0.161048,0.220348,0.1811085,0.01980521762482469,0.215504,0.288301,0.237866,0.027987108448950804,0.449833,0.616153,0.5065001,0.0752240046253706,2.605456,2.864991,2.6810465,0.07451190035192733,51.096484,63.771749,58.0743578,5.052038708867647
14,1000,100,20038222,0.301892,24.144331,3.9266974,8.018723229641587,0.004104,12.025643,2.0083666,4.326779709739057,0.016494,8.033291,1.6199986,3.3777364924614566,0.007282,12.033483,2.41138,5.066432717200974,0.007778,8.034164,1.6143040000000002,3.379726876633903,0.00428,8.020949,1.6076385,3.37860568712102,0.004268,8.013599,1.6066126,3.3749663137687165,0.253737,69.938986,13.2495972,27.408272552456065
26,1000,10000,20038222,8.273923,85.746238,28.7085988,23.105437493155943,8.076442,9.971116,8.3421695,0.6042256270372022,4.062264,8.095568,7.6762987,1.2699459669741904,0.013603,12.10148,10.6438936,3.80584962053107,0.007116,8.071386,6.4460518,3.3933833495287002,0.009328,8.065263,6.4472624,3.392666054609305,0.015939,8.078261,6.4582477,3.3951904448645536,20.635267,73.922979,59.3985874,18.12818317365151
30,100000000,1000000,20038222,54.242639,71.254051,62.941408,4.734429516612865,318.964438,369.424447,333.4608574,16.981699472095016,1403.489573,1505.1775,1421.7101255,29.82210549861688,0.186648,12.378254,10.7202255,3.9138061293923263,200.601364,328.633179,278.1489935,47.16641175955973,11.843355,21.938871,18.6027453,3.709803570869189,5.541965,15.5585,10.8239622,4.523838077373725,1951.003503,2194.69501,2082.7503974,65.32889768632681
27,1000,1000000,20038222,12.55207,51.858554,27.511212999999998,10.268432158923883,45.51165,52.483165,47.8924567,2.130730151381761,0.018868,0.02336,0.0213131,0.0016836343262253957,0.139618,0.200042,0.1640915,0.017210467933789598,0.063784,0.078359,0.0709373,0.0047350093053997525,0.0659,0.072488,0.0697163,0.002232951760935883,2.169917,2.480807,2.3624585000000002,0.11278359398152238,55.932533,69.303563,62.7226437,4.44488653209348
19,100000000,10000,20038222,47.002725,89.577672,75.089447,15.399050306119907,30.721138,35.291307,32.6485087,1.890663776848112,1408.48703,1420.21656,1413.0272853,4.15126750451028,0.008892,12.085205,5.2389662,6.005239928460178,608.877056,924.372144,706.5943496,148.4174730984946,8.383079,19.962579,13.4023518,3.9942225725457177,9.613858,14.574675,12.7587804,1.5189116944392342,2071.665271,2422.34921,2188.3956129,157.01085263916798
27,300000,10000,20038222,12.773483,56.228942,31.705149600000002,12.29330256820452,8.146726,16.192127,10.8784064,3.6818521235707866,12.744027,24.06119,16.0991268,3.285307904216008,12.069395,16.695502,12.5503273,1.4565750062289622,9.025462,9.07792,9.0565524,0.015694257351726887,8.080593,8.096616,8.0897066,0.005217833015512633,8.063613,8.091172,8.0783777,0.008662306301185193,70.637198,105.903262,80.9440047,10.15225880443362
21,1000,10000,20038222,0.439792,55.083068,21.4987042,17.334369219476514,0.048788,8.118469,5.6886881,3.886468315908257,0.019908,8.072986,5.6508719,3.8849408832119225,0.012128,12.078667,8.4512573,5.822824065133745,0.005703,8.053651,5.6325572,3.8815803605129076,0.010669,8.054319,5.6355556,3.881372269465221,0.01751,8.07031,5.6485101,3.885545243133394,0.498401,72.725366,47.850387399999995,30.997855612380544
4,100000000,10000,20038222,217.958139,219.536153,218.6039234,0.5652732917267536,17.819358,33.105078,25.9769654,6.809472723902346,1771.639011,1782.432116,1776.0455843,3.0551036519380594,0.008291,0.012345,0.0098592,0.0014454988988811671,2830.828619,2896.162934,2877.8264581,24.58970905497025,20.454555,21.904508,21.0721919,0.6139923990216182,24.871034,26.684294,25.8742875,0.6040307578723398,4667.267354,4750.322641,4726.9141297,28.44170003429521
19,1000,1000000,20038222,0.400639,75.38975,23.2243088,21.247230656309902,43.422978,51.278949,46.3048077,2.391218710483796,0.019059,8.056418,0.8250348000000001,2.540849548386821,0.193885,12.489855,1.4620398000000001,3.874911062696301,0.09288,8.291585,0.9221012,2.589394497491892,0.090426,8.246582,0.9093292000000001,2.578049736836519,2.375964,14.829774,3.7119117,3.9070657362648635,47.220165,122.999226,62.6838323,21.85295693988205
2,1000,10000,20038222,0.036978,0.044166,0.0406147,0.0022384189881848897,0.308749,0.357727,0.3462249,0.014910945408956768,0.016532,0.017739,0.0169749,0.0003531551280166331,0.012487,0.017253,0.013142000000000001,0.001448497382347192,0.009403,0.010319,0.010035,0.00027825487916257225,0.017008,0.020948,0.0176008,0.0011867916413591734,0.117963,0.132229,0.1221594,0.00441510259601443,0.511963,0.58282,0.5565325,0.018554230702037877
32,100000000,1000000,20038222,54.582535,77.830361,66.7573932,10.201632352232206,317.461901,367.250793,333.2144501,18.108522195646334,1394.900328,1483.63812,1421.9635167,34.25966863854044,0.185701,15.184253,9.0609697,5.495606675849437,186.468086,313.805166,258.4596343,49.84659346562368,15.11011,22.954009,19.68124,2.614790788530296,5.390232,15.611525,11.1993184,4.060299919160384,1999.583916,2139.26284,2065.2195754,39.39286706244392
18,300000,10000,20038222,0.580831,62.230145,19.3938066,18.215720654628104,0.114762,8.19243,5.7588592,3.8934023685867407,4.212685,14.660272,10.5617621,4.467581672067997,0.009579,12.070274,8.4462461,5.821318865271616,0.76489,9.559884,6.9036956,4.224921683080664,0.037858,8.089827,5.2667814,3.811989043663344,0.022323,8.083876,5.4606522,3.801588303274386,5.446176,76.850806,53.6982604,32.457161585170574
27,300000,100,20038222,12.808864,59.081638,31.527719899999997,15.903936407827658,8.051374,16.083217,11.6746014,3.980318697083109,13.995471,25.230179,18.0332994,4.40271751037362,12.079919,24.096286,15.6913624,5.7925803691565685,10.444257,19.695759,13.2043896,4.352855215212404,8.081774,18.364084,10.7172413,4.276308137899613,8.039544,16.057601,9.6605756,3.367977039704173,73.556688,139.503772,98.3677743,27.027790315863864
19,1000,10000,20038222,0.392294,63.351908,21.3937099,17.75161270963407,0.046792,9.895008,6.1379099,3.7016398088737934,0.018327,8.067122,5.6493158,3.885133805338378,0.010073,12.072654,8.4480355,5.822065356886816,0.004713,8.047044,5.6315688999999995,3.881520087773301,0.009313,8.051726,5.6352957,3.881242378858606,0.014,8.063238,5.6470504,3.8859241792536077,0.430132,74.282508,48.2671464,30.16549869217524
26,1000,1000000,20038222,12.517694,42.770598,26.3084534,9.535995792043595,45.842143,53.324524,49.0110934,2.7587909825949395,0.017403,0.023477,0.0209716,0.001659412760922102,0.139615,0.214451,0.1738843,0.024802803134816122,0.065044,0.079705,0.0709387,0.004644242745354486,0.069726,0.079996,0.0730321,0.002897603701528406,2.253603,2.600378,2.3893352,0.11861606313630357,55.270902,72.803471,62.4703034,5.5778120711866395
1,1000,100,20038222,0.012248,0.015234,0.0135981,0.0010003469897990397,0.005383,0.006303,0.0056724,0.0002530538809555519,0.010142,0.010768,0.0103068,0.0001926613609419387,0.00067,0.000853,0.0006993,5.499302986136819e-05,0.034467,0.041573,0.0360045,0.002565004364302113,0.001423,0.001615,0.0015142999999999999,5.161836451841102e-05,0.001925,0.002145,0.0020251,6.56513518520373e-05,0.060119,0.067813,0.0622973,0.002758434823913332
2,100000000,100,20038222,433.929474,435.517399,434.5366933,0.4712611216866279,0.686356,1.441397,1.0716699,0.29642428569664575,1602.027372,1755.332373,1620.6061245,47.42469264337073,0.000876,0.005498,0.0022264,0.0014092321944157314,8535.588703,8733.255173,8696.0870196,56.89967473256092,36.750418,39.752616,38.7550761,0.891877469127713,12.874391,19.532295,14.9871259,2.949972812306146,10343.948119,10394.565552,10371.5661145,13.165650157460902
2,100000000,1000000,20038222,434.241717,435.897151,434.7669237,0.46015258900911243,152.975162,170.721788,161.636638,7.080662252562035,2731.253661,4084.528935,3437.7203176,549.1209809818122,1.309131,1.457961,1.4044356,0.06125590255495565,2762.090637,2932.632851,2913.1261675,53.1234283644934,41.759733,49.562759,45.5562602,2.90256944133687,49.065965,64.414873,53.7935456,4.432363629006266,5907.97233,7293.669744,6613.3161655,552.3307896641668
24,300000,1000000,20038222,4.446874,48.175674,24.2653487,12.221135882387411,43.047455,53.243425,47.1871272,2.878142915072449,4.226844,9.863819,4.8650321,1.7595293943922397,0.127911,12.345196,1.36372,3.8585363690347663,0.170781,8.387599,1.0033503,2.5946258162508413,0.317395,8.829775,1.2352087999999999,2.6689630129591864,2.451278,7.002777,3.0145001,1.4040542686364015,51.913109,108.15861,66.4758198,15.357902714006787
1,300000,1000000,20038222,2.669137,2.769082,2.7029511,0.03866936551342821,50.250255,50.902288,50.644128,0.21204089197081263,15.939606,17.398588,16.474607499999998,0.6103510644018741,2.69974,2.788206,2.7393707,0.02602123833866836,5.346258,5.702561,5.4515253,0.09904631704415424,8.66888,8.925034,8.7862967,0.07688455675600056,13.674314,13.972352,13.7915275,0.08998295107562211,96.963402,99.204358,97.9111786,0.7660921374378177
22,300000,10000,20038222,0.656812,48.306268,23.858691,15.430815911296238,0.102785,16.205674,7.4126791999999995,4.584675233820161,4.145761,18.461938,12.4808538,4.632285132245826,0.014278,12.083043,9.6586739,5.082679602788156,0.667692,9.270094,7.5452388,3.6226865776032326,0.044461,8.098266,6.4732703,3.3874468907318533,0.02061,8.085308,6.4640395,3.3954118525567623,5.355683,88.51851,61.6699603,30.299872012018707
22,300000,1000000,20038222,0.640986,88.187308,27.2080437,25.937031153814857,42.499593,54.152928,46.6397845,3.038185202263508,4.261607,15.695242,5.4586107,3.597982392591222,0.141392,12.49682,1.3910809,3.9021953158984592,0.182037,8.584771,1.038344,2.6516266364711556,0.353443,9.794544,1.34956,2.968246458507784,2.318154,14.542448,3.7573655,3.7918853479065664,50.853653,133.324025,67.6610796,23.617443269564923
23,100000000,1000000,20038222,39.612286,87.623135,75.1850048,18.276634053297553,328.927731,362.812163,337.67648429999997,9.890157547094418,1429.062832,1545.360321,1467.4581882,41.52260975770197,0.176061,24.492275,8.7273763,7.731440424748749,258.801488,404.725823,334.7867244,70.5091356318687,12.458485,26.530454,19.8605341,4.475764019899382,5.969179,15.351778,10.3034994,4.114010826197477,2060.067542,2253.239448,2185.269563,59.09271882806889
30,1000,1000000,20038222,19.989461,59.197525,34.0934899,13.593748342702026,45.643482,61.968458,50.4420828,5.7107634779956,0.019253,8.109596,1.6385714,3.4062198259537966,0.131969,12.471886,2.601943,5.18822868226394,0.059958,8.294792,1.7062464,3.4641729323174895,0.062149,8.304014,1.7075583,3.4597445099449518,2.183163,10.624023,3.9328711,3.3705400502350904,53.365357,130.915099,76.09637000000001,28.613475553319496
3,1000,1000000,20038222,0.056929,0.070942,0.0659279,0.004198952659096472,25.150184,31.021654,27.9066458,2.31614638339308,0.02942,0.041916,0.0345886,0.003999286386344444,0.842683,1.010881,0.9155892,0.0467155494141583,0.648454,0.827958,0.7151299,0.04749288603909244,0.549647,0.777081,0.6261916000000001,0.0626644771323169,5.634384,5.838543,5.7667491,0.07007803033515968,33.238897,38.84974,36.2432449,2.2134448325695835
11,1000,10000,20038222,0.212226,42.105892,5.6097404,13.36246503356359,0.068412,8.143393,1.6834585999999998,3.399165934292025,0.017393,8.035065,1.6206222000000001,3.3787923210653177,0.007789,12.028826,2.4112254,5.064747871502834,0.00505,8.019838,1.6077333,3.3766535470543433,0.006881,8.018858,1.3795054,2.9416654763272074,0.018041,7.125844,1.3100224999999999,2.737231780046697,0.320213,69.138579,12.945070999999999,26.693556747956997
31,300000,10000,20038222,12.78294,61.242106,33.4961455,13.91072261451605,8.138606,20.223776,12.5819703,4.7955800518171605,13.007421,23.999759,17.6484779,3.7283619333696807,12.096182,24.05124,14.1136611,3.870924445246078,8.930268,9.184133,8.9667636,0.07737081221724064,8.086992,8.161416,8.10801,0.020604667718207955,8.086395,8.175576,8.1041062,0.025992541224145144,72.697079,118.107742,90.058817,14.781901890513993
14,1000,10000,20038222,0.270962,65.148115,7.9673913,20.43599251139627,0.056537,13.927414,2.2567466,4.8180630421964805,0.016723,8.033405,1.6217355,3.3791141495904666,0.008104,12.021867,2.4124992,5.06406121333895,0.005746,8.014565,1.6079029999999999,3.376004339720124,0.007954,8.025771,1.6114605,3.3775151718622065,0.016222,8.039181,1.6219208999999999,3.3816048534607037,0.353589,82.160137,15.3749003,31.72880583389257
24,1000,1000000,20038222,4.13636,53.176731,23.9109713,14.339420439458051,41.175632,51.729444,47.3152309,3.735660989285965,0.018233,0.023388,0.0208901,0.001747914404845577,0.150146,0.233457,0.1817947,0.02575861364475969,0.070553,0.099123,0.0790922,0.00902585919332768,0.072767,0.076765,0.0748773,0.0011149942750226715,2.252501,2.615858,2.400786,0.11061039390782602,44.87488,74.832314,58.5009715,9.009039347146475
13,300000,10000,20038222,0.50127,27.644738,4.4451871,9.001819057949879,0.372295,4.512074,1.2094516,1.7039997600367072,4.309559,4.342177,4.3228591,0.008869597065256243,0.006713,0.010189,0.0090451,0.0009786652418245759,1.034895,1.10533,1.0550872,0.027700831655385352,0.032119,0.040523,0.0362696,0.002288126511653876,0.025313,0.028248,0.0266472,0.0008756635325410223,6.027702,18.127587,8.0627507,4.308208856793686
8,1000,10000,20038222,0.157017,27.68462,2.9611299,8.687668800860388,0.088329,10.05427,1.0873371,3.1506596286061344,0.0168,8.023788,0.8186812,2.5316165637107053,0.007118,12.016412,1.2087062000000002,3.797440787485868,0.004894,8.005118,0.8059478,2.529530666227973,0.007267,8.013599,0.8088226,2.5315004769658818,0.022973,8.041258,0.8253736999999999,2.535403326153807,0.281033,70.279417,7.308234099999999,22.125822821022435
31,1000,1000000,20038222,12.602149,93.981218,35.3465842,23.42110180718448,45.27637,66.459467,51.2985202,6.953366228632572,0.02019,8.11848,2.447254,3.904599239541663,0.123544,12.440545,3.4195687,5.397140835547117,0.055076,8.310878,2.526851,3.9704044860393144,0.056924,8.298044,2.5237323,3.9642652488799666,2.249014,14.566691,5.1050413,4.649662772268999,56.526546,142.505282,84.0343112,30.46781949197375
31,300000,1000000,20038222,22.978908,70.087803,35.4260275,18.12247486955626,43.560283,76.154237,51.0696163,10.043921651849994,4.154315,24.305131,8.6754579,7.545491130423084,0.107976,21.996032,4.7617411,7.918349368228308,0.135574,8.628974,2.646392,4.031916806312077,0.254021,13.505134,3.3314057,5.057343389786052,2.450809,14.281983,5.3819888,4.700415320548406,59.372525,182.394322,90.5995937,42.33421923853347
19,100000000,100,20038222,47.29024,148.160326,86.5387358,32.03659142465054,1.251164,11.031356,6.7877344,4.420224171997268,1401.609499,1654.659508,1465.9780051,101.85860873041793,0.008267,12.077773,7.6460316,5.819872167182086,1057.37792,1236.88978,1099.9809324,71.26258877910772,8.13329,21.797292,13.6404624,3.9194133191419005,12.742782,18.432104,14.1507703,1.6205664543344813,2489.405767,2923.12588,2613.3426443000003,147.0149512145238
14,100000000,10000,20038222,63.178249,108.715368,72.132952,18.173452413586052,27.819326,31.680317,29.9486083,1.154919770799787,1447.83166,1456.836814,1450.5291373,3.0337345147934403,0.007123,0.013348,0.0096647,0.0017421550543316555,825.587296,828.011464,826.5983858,0.8000546370899089,8.068724,13.781689,9.9991664,1.5037402486138949,12.686694,17.235613,15.1764163,1.5282454697030157,2327.421407,2341.299679,2332.559097,3.864057087160186
6,1000,1000000,20038222,0.114507,23.642606,2.4794897000000002,7.435965413690113,21.325872,38.667573,32.787456999999996,7.358912321897684,0.022933,0.031704,0.025222500000000002,0.002823728592954123,0.47437,0.553935,0.5040984,0.02410917603182101,0.341011,0.43447,0.3704215,0.031100493373185517,0.289233,0.389974,0.3043136,0.03094099924479923,3.350802,3.654783,3.4700265,0.0906411282319824,26.439098,43.570622,37.945597400000004,7.3128760528899095
20,1000,100,20038222,0.428696,20.122924,10.296448100000001,5.920569586626414,0.005548,8.052988,5.2318433,3.8111399840259828,0.017185,8.066184,4.844362,4.152784711095676,0.010584,12.080271,7.2453977,6.22458046709613,0.007853,8.045194,4.8265311,4.146275522025586,0.005024,8.050514,4.82987,4.150758464111081,0.005432,8.049118,4.828098,4.149543404205094,0.423685,68.574666,40.9372863,31.629216822691898
19,100000000,1000000,20038222,47.231713,96.953148,79.5938188,18.206330264651626,304.420891,346.33744,334.8722477,11.4159546111632,1456.279933,1690.531883,1507.7015815,72.19988447204393,0.19402,12.416547,2.6707973,5.128562719102498,311.828711,476.149744,332.1535027,51.223350292583156,13.345306,23.941902,17.4630139,3.655482901926105,6.600802,9.183895,7.500788399999999,0.9091160468842735,2139.88508,2350.078146,2207.5183774,78.0257973088628
22,1000,10000,20038222,0.447832,51.217829,21.4549729,15.29116423232094,0.048778,9.499757,5.8671981,4.0353337294534875,0.017595,8.084527,5.6553675,3.889379660262239,0.010885,12.083273,8.4566021,5.825786535440085,0.007386,8.050632,5.6340989,3.8818781138177445,0.010382,8.05844,5.6368098,3.8817572831295766,0.014043,8.072639,5.6504584,3.888085331467696,0.459083,69.051081,47.5994193,31.64912725839732
7,300000,100,20038222,0.572337,29.182205,3.4491854,9.041675014597132,0.090593,8.119108,0.9210241,2.529181183798225,4.750688,12.982938,5.5895129,2.5978140218926566,0.0029,10.894516,1.0940693,3.4435262380475318,4.514199,13.22886,5.4028054999999995,2.7498248534942586,0.023311,0.043497,0.0369898,0.006869771964515594,0.045312,0.105066,0.07119790000000001,0.015779993384381096,9.569678,54.917148,14.172187,14.316366190670342
21,100000000,100,20038222,42.695563,136.556829,89.1584275,29.619123038486112,1.648725,13.996386,9.1120366,3.9127309315923293,1403.545274,1788.076874,1538.3938223,159.08012692940937,0.011315,12.086668,8.1419073,5.692044154407644,884.065685,997.603351,940.6966623,47.119050855811274,8.165979,17.514613,13.3168197,2.9149223108293434,12.480152,17.588307,13.9867407,1.4790828041267143,2312.830788,2828.170976,2530.0236767,184.69863691580093
5,100000000,1000000,20038222,174.374635,183.507253,175.91152540000002,2.713301600917972,183.717953,336.002391,267.5171053,71.12989667138235,1745.966154,2357.412599,1899.5364832,180.5242426284326,0.596314,13.157181,1.8765586,3.963671911812502,1172.201835,1186.767867,1178.0563983,6.026134043092738,20.734634,28.257002,24.5537575,2.8147007198768725,19.723088,23.016703,21.1911352,1.0483637284208185,3291.991725,3768.684151,3393.1783950999998,140.97032393729245
11,1000,100,20038222,0.237785,16.013015,3.0307058,5.9077780364682475,0.004803,8.023749,1.6081364,3.3779026697854397,0.016866,8.052196,1.6231251,3.384175482347984,0.005784,12.033137,2.4093984,5.065200318934269,0.007923,8.038568,1.612521,3.38111774788358,0.004153,8.013799,1.6064593,3.3759741064323956,0.003546,8.018227,1.60614,3.3766042060561703,0.233715,65.209979,13.1579479,27.191695716847704
13,100000000,10000,20038222,67.888405,110.213295,74.9235534,14.76826753166826,21.404629,30.55071,28.980536700000002,2.910670079484602,1456.537561,1468.139099,1461.7875212,3.3998341287026643,0.006901,12.047964,2.4164769,5.075884005255537,887.973386,971.263426,901.6978429000001,26.392726258314976,9.038837,16.370434,11.4624457,2.0852398827871657,11.534633,21.282154,16.5232818,3.348613710420637,2402.919878,2506.687338,2423.156023,32.60836297723329
28,300000,1000000,20038222,12.811763,58.182605,30.149757400000002,12.93781972629593,44.33593,63.577463,49.9903405,5.121137960934036,4.14538,15.052159,5.3495526,3.4104101920874625,0.119349,12.370436,1.3545065,3.8706309596392465,0.147578,8.488294,0.9903803,2.6345268151055574,0.296187,8.990131,1.2016898999999999,2.7371153524570535,2.453366,11.424185,3.4716816,2.7965471812439313,62.916425,136.399951,77.3048744,21.22686471821308
30,100000000,10000,20038222,54.810021,91.312608,67.1187716,11.39070733136437,29.380624,38.215364,34.2229163,2.298757641224642,1364.737766,1626.557225,1394.732233,81.56937072605052,0.020043,12.132695,9.6904749,5.090856611415617,387.610962,631.304912,512.608842,95.84023034330846,8.948851,22.307835,14.8039541,4.819452948992965,8.442706,16.836174,12.2402257,3.265126015695908,1811.496575,2361.953766,1987.5432977,161.52108771448633
7,300000,10000,20038222,0.546929,9.966305,1.5090393,2.971618523967744,0.592493,0.965791,0.8433067,0.14568238316896415,4.644093,4.703461,4.6662441,0.01876092751468094,0.005801,0.008471,0.0076322,0.000929759562706641,1.902295,1.929021,1.9165583,0.009559547595641388,0.027005,0.053177,0.0403902,0.007489954202500543,0.042044,0.04621,0.043975,0.0013388347338056496,7.345608,7.77305,7.6249127,0.15915749083990843
10,100000000,100,20038222,87.934002,101.359494,89.6195927,4.13756866084524,1.09256,3.303421,2.3534232999999998,0.6473017132212167,1491.799578,1509.601091,1499.745218,4.693838663718998,0.00516,12.027836,1.2084217000000002,3.801554770160495,1749.445405,1814.8485,1759.9093636,19.59135054969061,9.477295,18.989124,11.306913999999999,2.929785430011291,12.089653,13.94692,12.6200369,0.5355178986305271,3272.483228,3360.724487,3287.366262,26.391937062624496
1,100000000,10000,20038222,865.584281,870.178678,867.929631,1.5610563420647792,15.76111,16.340926,15.9718901,0.17317133213699043,2029.660164,2104.339599,2076.7056818,24.047279477687784,0.023734,0.02405,0.0238518,0.00011610608176242142,11521.222606,11588.695337,11545.6485163,18.16515306040098,67.678772,78.495876,71.9037952,3.4932838346289854,26.290482,40.315392,30.1227265,5.588696884510721,13690.401082,13810.289674,13740.4080246,34.1538764778928
23,1000,1000000,20038222,4.126202,54.000926,23.82279,17.228134739441483,43.044463,55.562104,47.3068938,3.416564275747097,0.019764,16.094273,1.6290182000000002,5.082572998225621,0.161748,13.265945,1.4961256,4.13553196545666,0.073968,8.253215,0.9000278,2.5836591407890563,0.07756,8.231808,0.8955331999999999,2.5777054595349282,2.24326,11.193085,3.2530612,2.7926591906100615,46.874415,125.033923,64.875992,22.279846930154495
32,300000,100,20038222,24.950464,59.971764,35.1368448,13.22657143711932,8.077203,16.112029,12.8920573,3.675285437112214,14.395107,25.760193,18.4773969,4.311833709195285,12.098764,24.076269,14.1218054,3.875936834907321,9.931103,14.192535,10.5666134,1.2768584294133958,8.084218,8.115601,8.1002772,0.009916508052513059,8.064001,8.087495,8.0760307,0.008124104915483318,74.616497,120.776987,92.41974,13.862651636510698
6,100000000,1000000,20038222,145.469127,199.20211,151.4406466,16.786055671183306,187.83934,333.2403,277.2027577,61.32495878308797,1672.817207,2036.619061,1820.1329843,114.20500950397363,0.496716,12.904379,1.7612677,3.915363974726035,976.721582,1059.988649,990.3297978,24.79710249386955,17.875571,23.51494,21.073683,1.6918743939136456,16.997954,19.267344,18.0416456,0.6610329919998449,3010.352618,3335.623198,3128.9990383,102.75432194591517
31,100000000,1000000,20038222,33.222278,80.730305,65.8608356,13.100760028397591,315.565803,369.188543,331.3366253,19.479794972495192,1390.754304,1460.483218,1417.3818348,25.258412504831416,0.211513,12.357581,10.3003431,4.3637257754547685,192.669918,325.751928,265.75419420000003,49.80566215215247,13.7615,23.41532,19.5814498,3.073510476471012,5.504201,16.228836,9.8123849,4.221902448531059,2004.903826,2101.026945,2064.6900734,28.943792229667338
16,300000,1000000,20038222,0.532416,24.752964,4.5594557,8.676852673904865,39.205624,47.633497,42.5412287,2.338586115977204,4.431976,14.918545,5.618526,3.2702508984152883,0.19474,12.465383,1.4369374,3.8750278141685124,0.269713,8.683874,1.1252491999999998,2.6559564658895294,0.590725,9.383966,1.5062645,2.7683261923857025,2.661587,11.143382,3.6405171000000003,2.6386266589601095,50.165818,113.608806,58.6658581,19.533810838423932
15,100000000,10000,20038222,58.964721,107.133233,67.9903112,18.6427516252531,26.514248,31.430082,29.9572274,1.5307547393982703,1436.457922,1448.755867,1441.4315118,4.036405358798001,0.008454,12.0575,1.6165458,3.8808213438928907,770.626851,852.199091,780.3244066999999,25.401851993632125,8.26933,14.512176,10.072479,1.753462309347804,12.648643,16.789369,14.7493749,1.3174628083380109,2264.701486,2368.57312,2278.4755846,31.84910533087138
3,300000,100,20038222,1.018434,1.050516,1.0332474999999999,0.01315433174323619,0.123032,0.255906,0.1984696,0.06203003023482524,5.415883,5.507836,5.4700773,0.029537662436850486,0.001358,0.004107,0.0027284,0.0010383901215075405,10.202697,10.285711,10.239998400000001,0.028261017836510097,0.040016,0.089622,0.0667902,0.022082750179973305,0.049837,0.10962,0.0809455,0.019969897191356126,15.957049,16.237861,16.1087029,0.11733268731872365
16,100000000,100,20038222,55.360108,176.70838,74.9944445,42.39348451862511,1.90797,11.010372,3.2876054999999997,2.808953221870155,1417.123947,1425.929064,1421.3537563,2.9938749583660664,0.006716,12.045528,1.2147744999999999,3.8055455769901037,1228.015711,1236.33726,1231.1484478,2.6258613645636997,8.149292,15.454464,9.7589548,2.1443545503638046,11.412838,13.786374,12.6647579,0.7273721055017852,2669.664796,2717.113813,2680.5355656,13.783499928320598
11,100000000,10000,20038222,79.967158,120.203305,86.3383431,13.482116270824626,21.155565,30.949207,28.972275,2.893863956372633,1485.107369,1494.559032,1489.1664122,2.734829951011597,0.007651,12.041299,1.2118298,3.805087654758876,1050.689531,1091.003109,1056.1476271,12.303237414808628,8.181968,15.218805,10.9101137,2.016622060363653,16.749371,22.489233,19.6029827,1.8209039872598716,2597.389532,2651.001853,2606.2663696,16.01605859820626
7,1000,1000000,20038222,0.135481,8.721897,1.0039571,2.7118209484659914,24.063456,40.581518,34.7108956,6.671037981644057,0.022781,0.033376,0.0268248,0.0031652277713372303,0.417845,0.507156,0.454214,0.029983189023184316,0.292077,0.415788,0.3488993,0.03911829891509997,0.244199,0.345942,0.2748002,0.032110419149484114,3.203621,3.54019,3.3086093,0.09629706515552101,29.124266,45.160034,39.653681,6.578762197836392
30,300000,100,20038222,24.831042,84.53673,36.200752,18.21983904634961,8.07595,16.089042,10.2956352,3.4671967469366307,14.280096,24.480093,15.9727236,3.0428840635298684,12.090463,16.146361,12.516938099999999,1.2753207388480268,9.902284,10.544992,10.4137613,0.1907777665517016,8.07275,8.114951,8.0969747,0.013185093300559123,8.057697,8.08419,8.072909899999999,0.008928468768184495,75.168066,108.708471,84.61890199999999,9.45633603898099
12,1000,100,20038222,0.257693,20.270849,3.4565395999999997,6.977537635362017,0.003786,8.022553,1.6071474000000001,3.378978151855814,0.016847,8.049387,1.6225846,3.383339515827494,0.006312,12.02626,2.4127506,5.06397501091542,0.007281,8.043561,1.6130293,3.382422575236803,0.003627,8.016828,1.6065417000000002,3.377154060992778,0.00357,8.010037,1.6051775000000001,3.375484763006419,0.221221,64.446808,13.0747692,27.02341002761295
10,300000,100,20038222,0.528716,39.208679,4.4051135,12.228729796540033,0.029295,8.048449,0.8341113,2.5348606914218315,4.457105,13.615709,5.4124419,2.8824219981850314,0.005401,0.007464,0.0064918,0.0006095473365995092,3.064266,3.110761,3.0843426,0.01721405586658122,0.030108,0.033898,0.031344,0.0012896412937971034,0.042852,0.078543,0.0654194,0.011058105103899533,7.803033,44.934122,11.5776464,11.720314240121647
10,300000,1000000,20038222,0.512386,30.792664,3.5541318,9.570650043103328,28.091602,40.990772,38.2701895,4.011399172963974,4.728234,5.423628,4.9025446,0.22097827153224317,0.302892,0.359202,0.3197937,0.021274438611473004,0.435621,0.556735,0.4792413,0.04533743300347345,0.917434,1.096147,0.9735398,0.053778321507627756,2.963669,3.25446,3.1066688,0.09676372928921022,46.336444,53.757439,50.0784745,1.9820522006548467
11,1000,1000000,20038222,0.207414,19.535317,3.3494954999999997,6.813890497006167,29.396464,43.641394,39.2597238,4.115206471532971,0.020942,0.027307,0.0241997,0.0020480864266702987,0.290179,0.421214,0.3463438,0.03998222983554346,0.182743,0.270704,0.22242109999999998,0.029831475887987104,0.153386,0.203234,0.1686994,0.014433406252317727,2.439032,3.181983,2.8705166,0.23990006178045606,38.05539,53.950909,44.659337900000004,4.194153691972976
14,300000,1000000,20038222,0.523055,33.021769,5.3451902,10.888010229180678,24.98327,42.727953,39.047515,5.055462395550952,4.487862,5.373212,4.7293399,0.285452613394724,0.220128,0.301241,0.245618,0.02596768637706828,0.303475,0.402849,0.3349296,0.03806738560383562,0.674307,0.903184,0.7201089,0.0677715684379847,2.543166,3.125384,2.7776794,0.16806597252547387,47.1558,62.109948,50.7653228,4.133914665131717
5,300000,10000,20038222,0.659703,13.20233,1.9363222,3.958505471026037,0.652103,4.908929,1.3314076,1.2726299491914108,4.927032,4.979061,4.9522782,0.018011924783320678,0.006351,0.009293,0.0078572,0.0010653842082136897,2.651153,2.695484,2.67503,0.01612949977181217,0.025757,0.05647,0.0428642,0.013768067885106062,0.057245,0.059247,0.058244,0.0007914973152197042,8.411533,20.645776,9.9449331,3.7668666988399275
15,300000,10000,20038222,0.511695,45.435507,6.6561886,14.516974137183572,0.182698,8.226752,1.4171721,2.70583680942922,4.261267,13.336392,5.1818076,2.86524352996135,0.008357,12.023028,1.2112653,3.7988662745705257,0.9071,9.783733,1.8202017,2.798222985342982,0.035974,8.065647,0.841481,2.5383137164021576,0.022956,8.054666,0.8304081999999999,2.5383586762375843,5.719348,75.709678,13.9486563,22.017393144974697
1,100000000,1000000,20038222,866.265908,870.372124,868.1897677,1.475154077585193,192.323533,198.694675,194.8117674,1.8459711507639258,6058.500854,6804.044193,6513.4698341,296.4167951584454,2.730801,2.771353,2.7556989,0.014704282871553594,5846.336671,5886.510867,5862.2797387,11.445534497205575,82.205447,86.82154,84.2001368,1.4512751448033383,94.830467,106.362009,98.5958589,3.5960051341019916,12291.491363,13042.647172,12756.1477615,305.7026832017478
29,1000,10000,20038222,12.476094,64.911858,31.444973,16.36362318897427,8.09649,19.052091,10.233464699999999,4.314967431823045,8.073475,16.070898,9.686997999999999,3.3636103105355244,12.085978,24.06185,14.4115206,4.863230326415771,8.051073,16.066504,9.6638041,3.3692544219733196,8.05801,16.062334,9.6672097,3.3647252501855207,8.045518,16.078202,8.871578,2.5321961629982166,65.144217,141.519265,82.6494131,26.095765581661933
9,1000,10000,20038222,0.178776,16.214259,1.7907155,5.067921753438127,0.07878,8.139007,0.888732,2.5474878664476934,0.016768,8.030135,0.8195771,2.5335319498484257,0.007514,12.017142,1.2092832,3.7974945303259213,0.005102,8.015778,0.8069405,2.532927400516084,0.007626,8.010483,0.8085329000000001,2.530507397056499,0.020986,8.037684,0.8236576000000001,2.5347506579236283,0.26833,64.328145,6.7178076,20.242221179011615
31,300000,100,20038222,24.840768,68.157982,36.220795100000004,15.328059313874913,8.082895,16.084318,13.3334155,3.702784810350245,13.909743,25.488811,18.4743563,4.583148470409932,12.085693,16.08964,12.8923958,1.6502182088522448,10.167048,10.479833,10.2357715,0.10545545251721729,8.081721,8.129638,8.103193599999999,0.012301209219693292,8.051557,8.077057,8.0667699,0.008019064290800675,80.884249,103.549382,91.3424084,7.611864544737354
17,100000000,10000,20038222,52.316353,98.862194,77.1888055,21.47727791173013,29.825846,35.429129,32.0911224,2.162124308505627,1420.347785,1429.547801,1424.6744773,3.2206006718584774,0.00868,12.078904,2.4243379,5.0872786408155495,680.031848,1029.843527,716.2896534,110.1745983529737,8.676334,19.867092,11.5386424,3.2145471008453703,12.562035,21.299725,15.5112719,2.6309774078263275,2157.540317,2539.820308,2204.0577226,118.23714234429565
21,1000,100,20038222,0.451408,24.12254,12.1916639,7.689092969558207,0.004857,8.053473,6.4371625,3.3894119448637974,0.01773,8.070618,6.4549924,3.39203235161227,0.014757,12.075741,9.6539195,5.079426310957507,0.008495,8.051917,6.4381551,3.388470135448689,0.005931,8.054272,6.4378536,3.3887550133388777,0.005117,8.051592,6.4359789,3.3890383027594666,0.38167,68.670113,53.5569741,28.065711942078476
2,300000,100,20038222,1.433415,1.480955,1.4597511,0.015448553542142545,0.089615,0.148135,0.1252993,0.022481358682991854,4.814079,5.360979,4.9526727,0.18950705578541274,0.001058,0.001298,0.0011978,7.767424855696314e-05,15.0171,15.094048,15.0546294,0.023538424209506442,0.051278,0.054848,0.0526253,0.0012870707526092817,0.048524,0.085208,0.0673031,0.014516568093427286,20.114977,20.646443,20.278915,0.17969002821525823
29,100000000,10000,20038222,35.313508,87.268812,66.333009,14.991158366058137,29.696558,38.705826,34.6904513,2.456115362031047,1370.68274,1583.792013,1394.9748072,66.39640642649866,0.020503,12.109957,9.2809766,5.026526280162899,400.823819,686.366892,539.9524649,115.14846093997363,8.904758,20.476484,15.6210173,4.213668577331557,7.826782,14.728006,11.6128943,2.68765810213382,1828.364192,2148.534754,2014.2324653,118.7203585976777
27,1000,10000,20038222,8.432072,60.248631,27.5161177,16.176438692227148,0.080376,16.140581,8.5110221,3.9921343244852108,0.026815,16.084637,8.0809411,3.784909057111925,0.018332,26.48273,12.3257157,6.256741443119095,0.009705,16.056979,8.0550834,3.7824052217338635,0.012034,15.935449,8.040813400000001,3.7533636566382604,0.013751,8.089114,7.2634981,2.5473167558582306,4.64884,119.137352,66.6265615,27.28628458665572
26,100000000,100,20038222,83.196639,160.776558,109.2421557,23.271218293033645,2.066591,12.048538,9.0668902,3.4972265397689,1372.478616,1783.522435,1501.3763217,139.95559449462243,0.046376,16.076717,11.2758668,4.140821081590456,712.793427,1010.456993,810.1174204,83.16319538816657,9.548511,20.977152,15.3152456,3.3804348964689344,12.568907,17.338556,14.3326446,1.5639431154629773,2112.178184,2701.19182,2369.0628734,204.33937638783638
20,100000000,10000,20038222,45.102937,97.17936,74.6610078,17.17968623862404,30.489817,36.40955,32.8073914,2.1487511970793753,1402.781016,1413.328466,1406.8330338,3.9798167368849686,0.012091,12.085929,6.0430782,6.3526253381567255,578.497126,881.143329,703.9668822,149.4596250797151,7.256475,19.489862,13.8882626,4.362602625763973,11.677476,14.39908,12.9581621,1.0247084061559986,2040.154045,2370.63527,2180.5032957,156.99490865912878
12,1000,10000,20038222,0.242191,19.657134,3.3894823,6.833161377239366,0.063613,6.989324,0.7597722,2.1888446533613624,0.01648,4.032482,0.41946089999999997,1.2694865157113677,0.006151,0.011786,0.0089189,0.001463675924209697,0.004394,0.006944,0.0056694,0.0009168528538187332,0.005457,0.009451,0.0082565,0.0012867521776420922,0.017074,0.019665,0.0181708,0.0009186616835859044,0.291574,19.171842,3.0256958000000003,6.2022382360895385
7,100000000,10000,20038222,124.813772,138.407499,126.73723890000001,4.122532560160979,19.435066,32.127081,27.596314,4.659624894283492,1581.743117,1587.410996,1585.018937,2.071463810705861,0.00626,15.04259,1.512507,4.753986838541007,1644.755973,1679.389185,1654.5317414,9.387163783685708,12.217963,14.072151,13.2828923,0.5648224922886148,25.107158,26.012518,25.4738276,0.3008858553468782,3284.087681,3337.089765,3307.5999526,13.405458405487176
20,300000,1000000,20038222,0.616804,79.191568,22.1435764,21.92693827329773,43.16684,59.718626,47.185144199999996,4.597350569266362,4.281693,15.054742,5.4995612,3.3606962802949627,0.154635,14.941101,1.6494975,4.67023180841278,0.202422,8.603262,1.0594192,2.650780519692719,0.413241,9.13246,1.3320235,2.7417726974953935,2.505104,10.847895,3.4334133,2.6066941177673066,52.401422,130.789321,67.966442,22.727217908906034
3,300000,1000000,20038222,0.985285,1.05442,1.0273655,0.02504074329412412,23.519353,28.822395,26.322076,2.1473412234905753,6.369422,8.333771,7.1376478,0.6386761524514423,0.835166,0.985089,0.9075501,0.04265149394400571,1.274791,1.9931,1.623604,0.20863450981348008,2.403675,3.151279,2.890454,0.2579311678658992,5.619516,5.88698,5.7442187,0.08092317674882903,41.316998,47.843675,44.8300014,2.343980563396245
15,1000,10000,20038222,0.285816,28.225307,4.2927688,9.199691955981084,0.056201,8.09132,0.8638884,2.539464196529181,0.016626,8.033895,0.8207663,2.534437036825077,0.008652,12.025282,1.2112271000000001,3.7996716281731056,0.004485,8.019287,0.8071523,2.53408599465089,0.007369,8.021618,0.8102987,2.533799543568339,0.015208,8.028967,0.8179375,2.5336977701240992,0.372025,64.421913,7.2148183,20.139775495476282
19,300000,100,20038222,0.616403,48.189794,19.6263607,13.5037845736978,0.025091,16.066433,7.6095455,4.030372198652191,4.197491,16.521334,12.1311605,4.357212468331362,0.010484,12.076478,9.654262,5.082255207325451,1.869284,11.554815,9.3687083,3.954019197517552,0.035567,8.090898,6.4705609,3.389176076619031,0.042442,8.066252,6.4508431,3.3773296701428825,6.48145,108.179242,65.2909224,30.13992748807617
28,100000000,100,20038222,80.056462,157.777014,110.00461,25.439960106176787,6.786839,13.694289,10.1572652,2.116817604141116,1372.60242,1677.15722,1507.3722085,123.37058062653945,0.019062,12.11441,10.8802068,3.8162439009650955,712.693943,1001.550169,811.3063659,84.98641473953082,8.269925,22.950124,15.696765899999999,4.552100225027037,12.394986,17.649099,13.8963058,1.5230020590333933,2124.823032,2720.152411,2379.876443,178.13683682362424
32,1000,100,20038222,0.665955,30.436915,19.5614955,9.760488908280765,0.010871,12.057959,7.6650004,2.9667515052387294,0.022901,8.113186,7.2917304,2.554017706950678,0.023507,12.128531,10.9028991,3.822646167452083,0.014502,8.08757,7.2683181999999995,2.5487464372506645,0.023414,8.082911,7.2622775,2.5434887523857745,0.007677,8.070855,7.259068,2.54788118838148,0.522927,80.860118,61.1741293,22.042104747972985
8,100000000,100,20038222,109.432191,173.032512,116.2715285,19.946228512539207,1.418935,3.030353,2.3084327,0.5670880920570454,1534.540144,1543.76344,1540.8346609999999,2.9948844984646086,0.003818,20.038352,2.0083249,6.335105834558558,2267.403125,2375.832661,2282.6797897,32.91529571842308,11.221148,25.572068,13.691067,4.423889414395437,12.275191,13.492803,12.6510642,0.36398243647394746,3831.991171,3964.526361,3854.3664822,39.327992790066276
30,100000000,100,20038222,81.831482,149.228961,108.1653142,19.964907404429148,2.002021,17.69558,11.3405551,4.2220618147837685,1371.935235,1940.114116,1639.3122019,237.44831918423648,12.063924,12.155127,12.1005601,0.02528414448468088,717.710665,988.594356,826.8147299,95.65738157031345,12.70831,23.596699,18.2743392,3.3282692193424834,12.379819,21.294429,15.2416111,2.7507821790255487,2169.220559,2890.196944,2535.2933724,283.01661057385405
8,100000000,10000,20038222,109.569592,125.495864,111.6132487,4.887409607498662,20.328722,31.872945,28.5666366,3.6957968482912285,1554.836981,1563.075487,1559.4801913000001,3.248143491734311,0.007116,0.009646,0.0080848,0.0008524346569939801,1439.99103,1470.275795,1446.0897567,8.881471743978318,10.947118,19.22335,12.1354089,2.5337848038484267,23.46663,27.683863,25.9452695,1.0968793387301845,3059.564948,3095.326284,3072.4309136,10.09974888083168
14,100000000,1000000,20038222,63.256683,102.882367,70.3965999,14.825885149550054,254.436837,340.569412,317.1692016,26.095992183122927,1484.513425,1730.550991,1569.4159401,76.10098109635587,0.247035,12.432692,1.4909956,3.844646448611373,422.06343,454.601342,426.2878436,9.968722033718674,13.427309,26.748275,17.2034311,3.806679619724356,8.126881,11.314754,9.0116172,1.1604233487148659,2261.966557,2475.330294,2341.2861721,65.64048864105764
6,1000,10000,20038222,0.123602,12.117179,1.3306826,3.789994692931793,0.111566,8.214564,0.9324813,2.5586784411377095,0.015981,1.796638,0.19559949999999998,0.562548542623311,0.0059,0.008948,0.0074787,0.0010811666589589436,0.004764,0.007793,0.0062873,0.0010049093989012144,0.007148,0.010303,0.0083924,0.0009762696804105353,0.02804,0.035491,0.0300298,0.002228288969889977,0.246295,16.693302,1.9422662,5.183039953366016
17,1000,1000000,20038222,0.335428,65.442589,14.9540841,19.780940230530625,42.463666,48.628866,44.8653037,2.1522192502359596,0.019516,8.042151,0.8244394,2.5360458711602027,0.219532,12.5116,1.4841498,3.8747595532001093,0.109144,8.318651,0.9401177999999999,2.5925768519871752,0.101252,8.268492,0.9208064,2.58171514764228,2.421597,10.342621,3.3600274,2.457421485953663,46.271293,112.683035,57.9133829,20.435708850005053
5,100000000,100,20038222,174.194937,178.359206,175.03130910000002,1.204394451221251,1.137656,3.362984,1.9938,0.7306175549477153,1678.314753,1688.043235,1681.1131359,3.0412176799980233,0.001967,0.004361,0.0032564,0.00081327461536679,3478.58189,3500.842737,3491.6844772,6.792817248951901,16.01682,18.297358,16.8593252,0.812348178818363,12.049488,12.982713,12.6814076,0.29870976942332067,5191.270218,5214.059251,5204.4662897,7.887482176523717
17,100000000,100,20038222,52.285644,157.687987,87.0355203,34.6518030938323,1.59718,10.235661,5.1860248,3.5789291174964863,1403.737871,1665.285169,1456.3739029,103.78415065653645,0.008885,12.076844,4.4637099,5.842213469479249,1055.843831,1148.950679,1085.8061024,42.525234237291414,8.119773,20.329969,11.261635,3.502088107927643,11.98403,13.993957,12.927669,0.6488308956568645,2485.017365,2867.810323,2579.1468357,148.15768421175858
27,100000000,1000000,20038222,60.668633,77.669371,70.7496268,6.358976555427203,322.742559,356.684466,334.8142226,11.92897317255488,1411.935686,1542.186078,1447.9437626,42.07200445992369,0.215436,12.349628,10.3072377,4.3631820016427625,221.226543,375.353608,303.2928381,63.435995190730566,11.811137,25.168539,19.0909818,4.1945048046210225,5.747928,15.157582,8.7482539,3.784200070202022,2064.680475,2200.691267,2133.4665729,47.38355916809532
1,1000,1000000,20038222,0.011555,0.013328,0.0117848,0.0005447378166502567,50.149624,52.4429,50.9466016,0.6988532584495831,0.065742,0.076692,0.0714721,0.00424628958163608,2.623472,2.726642,2.6596946,0.03201748128826571,1.960844,2.135767,2.0538357,0.049579428516382765,2.046905,2.152346,2.1006066,0.031356651274578984,13.659491,13.97435,13.8377508,0.08588615392327992,70.611199,73.266921,71.688436,0.8166932139641594
20,1000,10000,20038222,0.406377,79.145396,21.3872083,22.194039361048954,0.048729,8.120322,4.8871511000000005,4.158565832453098,0.017749,8.073091,4.8474416,4.154712470476044,0.011733,12.083721,7.2467154,6.226161303455145,0.007143,8.049362,4.8292511,4.149401072570874,0.008621,8.058305,4.8329378,4.1506663481862445,0.013573,8.07076,4.842604,4.15385640880854,0.439116,73.379101,41.736134400000005,32.14917759149154
25,1000,100,20038222,4.12606,21.582132,12.3063815,5.402064333626755,0.008426,8.066937,5.6428731,3.882717083297796,0.020139,8.082992,5.6593261,3.891319324833487,0.013502,12.102646,8.4640781,5.829765599547711,0.010885,8.06901,5.6451234999999995,3.886561439273517,0.007042,8.063972,5.6413199999999994,3.8873385527988167,0.005689,8.065008,5.6424275,3.8891070568799737,0.444591,72.761078,48.0345046,31.193644293586214
29,300000,10000,20038222,14.470506,51.014477,32.4601968,10.85889948571494,8.129137,16.19686,10.6252652,3.8384657820363826,12.942577,21.389912,15.957632199999999,2.645857084884333,12.084603,24.04992,13.302391,3.7763230731197304,8.960617,17.432381,9.8393944,2.6679565657340407,8.071424,16.076101,8.8932395,2.523819872038382,8.071458,10.656994,8.3449349,0.8124147556837986,69.031679,131.017894,86.1283588,18.08556164062013
20,300000,10000,20038222,0.616844,64.802546,24.257820300000002,19.408914330337165,0.113524,8.204348,5.7602098,3.892166453748429,4.174984,15.598293,10.8953434,5.0804157172026825,0.011429,12.079609,7.2466547,6.226057838355397,0.68634,9.400738,5.9052611,4.489561535228368,0.040998,8.084567,4.865889,4.149076638938087,0.021251,8.080929,4.8550382,4.158553771988334,5.395101,83.898342,49.5212965,32.56395060834795
29,100000000,1000000,20038222,56.869104,79.413135,64.8542975,5.912358379504996,315.025763,371.933696,333.6592629,17.46539472705693,1402.885394,1479.495914,1435.9584333999999,29.529806962910353,0.182276,12.365329,9.5009867,5.0666857522656334,205.84983,350.135013,273.6285198,53.60198516988418,11.917263,20.942546,17.4605333,3.5737771038289465,5.335014,14.623206,8.9854379,4.211447711731718,1964.018554,2152.389347,2087.7742217,57.80715428115105
1,1000,10000,20038222,0.011704,0.012345,0.0119539,0.00023847778839035616,0.468545,0.573288,0.5134355,0.03628675879788047,0.014641,0.015869,0.0153394,0.00037698429086044887,0.02372,0.024074,0.0239078,0.00011524158200155993,0.017592,0.018597,0.0181337,0.0003985178233850469,0.032086,0.032434,0.0322647,0.00011823897646527237,0.142467,0.15955,0.1462058,0.005307314780355294,0.710681,0.813163,0.7566729999999999,0.03763104727334716
4,1000,100,20038222,0.089329,0.111381,0.10192709999999999,0.007791978374513683,0.004219,0.007555,0.005681,0.0012436359774646456,0.017752,0.020327,0.0191086,0.0008732651627337741,0.001451,0.004127,0.0026898,0.0010029150623169553,0.01215,0.023909,0.014680200000000001,0.0033238093540728566,0.002049,0.00407,0.0030171,0.0008000345062002708,0.00173,0.003887,0.0026758,0.0007597095643877482,0.09164,0.158664,0.1267422,0.0281300717611756
8,300000,1000000,20038222,0.53145,29.192095,3.412822,9.057920244573708,32.037894,39.736755,37.029436000000004,3.4627948892068874,4.697723,5.708194,5.1994109,0.3051208667722969,0.362702,0.405702,0.3805536,0.01484662548415183,0.53997,0.686363,0.6066113,0.058611652231825385,1.140389,1.289068,1.2075113,0.060518252605768055,2.98677,3.398156,3.2347077,0.12769559745743433,43.239532,55.219307,49.1485404,3.4099455183496934
28,1000,1000000,20038222,8.460836,88.660473,33.551901,25.364134809224407,43.265967,70.554156,49.300261,7.622438675354555,0.018996,20.079038,2.8344872,6.569223954101239,0.143369,26.21882,3.9932722000000003,8.716815013677847,0.063639,12.221341,2.1073556,4.40075737620654,0.06386,8.325258,1.7083538,3.4570305254294245,2.22516,14.790578,4.4824796,4.542059914032722,50.660086,176.649833,75.6613845,39.36478372257023
4,300000,1000000,20038222,0.769451,0.825077,0.8023362,0.014797006204709848,21.007568,29.958251,26.26822,4.012897239291388,5.702264,7.226309,6.2601691,0.4874855402357989,0.651652,0.771445,0.6862933999999999,0.03734607039926246,1.054006,1.548065,1.1566364,0.16993378303275136,2.118752,2.477568,2.1987238000000002,0.12368356366128676,4.40517,4.676392,4.5790357,0.0910710134968555,36.004378,44.537704,41.3936504,3.623776303232189
27,300000,1000000,20038222,20.780949,48.231614,30.1935983,8.168373606530794,45.282743,70.159897,51.059451100000004,7.304278568161441,4.171707,23.996458,7.4064568,6.9516371849150564,0.120204,12.430003,2.582344,5.1668040936062205,0.151318,8.63637,1.838711,3.5381046359894444,0.302728,9.083038,2.0774776999999998,3.6687666325816437,2.425386,14.478864,4.5273576,4.340440763090521,61.844822,162.680056,83.2115192,33.653520761551626
11,300000,100,20038222,0.506113,32.383534,4.9549945,10.366066145467872,0.027628,8.05571,1.6313041,3.3780678844763203,4.435012,13.877467,6.2928076,3.8814656277189705,0.00603,12.018913,2.4101693,5.064231739366003,2.98893,13.587665,4.3307809,3.36045088637583,0.028824,8.063016,0.8338892999999999,2.5400568003092214,0.04472,8.037585,0.8543255,2.523961143120835,7.708631,75.817162,18.1243752,23.153306227759987
10,100000000,1000000,20038222,87.942782,144.319297,93.89228250000001,17.7222573698827,257.608364,333.4093,311.4699046,24.21884549661669,1580.094655,1743.692048,1637.0009833,50.14933231480506,0.327216,12.618028,1.5777771,3.879201667078606,588.273732,630.394808,595.8408303,12.379470048967958,14.93047,18.981049,16.77747,1.3430461333616037,10.919773,14.100678,11.680855900000001,0.9833167571941236,2519.776439,2658.233996,2574.9761448,45.21177151131775
2,100000000,10000,20038222,433.72136,435.563644,434.5551243,0.5110633334618333,15.377937,16.438566,15.9220547,0.3305194031846949,1715.59222,1728.932079,1722.5943669,4.194959830945001,0.012689,0.020299,0.0164598,0.00249801453603101,5578.793025,5776.82211,5750.8203226,60.63199529787617,35.121045,40.408515,38.5615421,1.601743798142404,25.15682,27.344612,26.0737765,0.5882726556952336,7383.006991,7585.990687,7554.0424564,60.65329068933074
14,1000,1000000,20038222,0.276208,24.07917,3.8651353000000004,8.024045263993981,30.867152,44.152882,41.559567,3.8535920138465616,0.018881,0.024991,0.0224374,0.0021323434786898457,0.255912,0.412641,0.2992757,0.04997177804421211,0.140627,0.180419,0.1574718,0.014431680658267849,0.121869,0.141814,0.1280748,0.005768727084702289,2.586461,3.009106,2.7535707,0.12677332134610275,39.373273,54.661689,46.8793401,3.7088684393325404
2,1000,100,20038222,0.041778,0.051719,0.0458636,0.0029391253498655383,0.004691,0.006406,0.0053029,0.0006714871472253873,0.015933,0.021588,0.016786099999999998,0.0017380518755843342,0.000993,0.001495,0.0011557,0.00015916940660817955,0.01913,0.020253,0.019856600000000002,0.0003754056176694451,0.001551,0.001948,0.0017729,0.00014431404798024495,0.001818,0.00229,0.0020106,0.00016422491352478227,0.067624,0.080534,0.0731494,0.00427041349025803
24,300000,100,20038222,4.284623,63.65067,23.5347884,18.97001508384093,0.026428,15.317116,7.9893512,3.6079413798049806,4.184314,19.066009,14.5010199,3.8541564092309044,0.013728,12.980605,10.9553636,3.8551611278238482,1.55719,10.81066,9.8561482,2.9160409446604065,0.040906,8.08713,7.2722335000000005,2.54084629605716,0.03036,8.092615,7.2553765,2.5386710746241605,6.201704,90.49682,71.3533397,23.611473362458586
21,1000,1000000,20038222,0.486503,63.994122,20.6358608,17.697929350084376,43.056664,62.108414,47.1901326,5.544550518127351,0.019044,8.063001,0.8262503999999999,2.542736164386886,0.170268,12.435053,1.427679,3.867666201603839,0.081791,8.281203,0.9078064,2.5907556677706647,0.081559,8.240117,0.9009621999999999,2.578717740932014,2.226542,10.642096,3.2277903,2.6077341849548263,47.121966,134.430507,63.3344739,25.409866684905452
4,100000000,100,20038222,217.374747,218.849228,218.0724195,0.5262809412761411,1.076662,4.149541,2.2865052,0.9633396976459665,1724.821395,1736.282537,1732.0727738,3.178085189808333,0.001584,0.004758,0.0035961,0.00122281210058346,4300.891692,4375.353453,4352.8292845,25.929434183109542,19.644365,21.731327,20.4711914,0.7485036621130932,12.173318,12.971311,12.6423313,0.2897037761511459,6071.828027,6142.283254,6120.4181991,25.9807082076455
16,300000,10000,20038222,0.532795,48.310243,7.7472221,16.15262006791223,0.121344,8.167478,0.9324880999999999,2.5421207669607693,4.23478,13.625007,5.1874543,2.9646788015157934,0.009363,12.043162,1.2139972,3.804980896742637,0.852735,9.698646,1.7552735,2.791103901046094,0.0358,8.078001,0.8447732,2.5415022045111564,0.022315,8.062558,0.8277802,2.542042232526823,5.573695,79.763232,13.0374021,23.445092220356898
22,1000,1000000,20038222,0.456042,76.859357,26.4220494,23.207150850515635,42.131396,58.070771,47.784834599999996,4.1658380539561755,0.019688,11.561807,1.1761655,3.6491432222007414,0.170947,12.41444,1.4180631000000001,3.863765776883493,0.078995,8.25329,0.9028412,2.5826914909778305,0.078599,8.223891,0.8951215,2.575067710791278,2.205561,14.448358,3.5715714,3.823955402108811,45.631046,132.389802,65.101833,24.72567563056629
3,100000000,1000000,20038222,290.148818,292.711765,291.2953008,1.0124915657179396,164.03908,288.136389,235.98721369999998,60.110324075544135,2126.004697,3266.31006,2557.7185471,316.2963033498216,0.88114,1.017751,0.9514121,0.036422843605658006,1949.041183,1984.679655,1959.1741104,12.797694371652504,31.187834,38.330395,35.6927622,2.7886238071824687,33.118269,40.867847,37.1704777,2.6389134280375086,4442.742048,5464.531314,4826.8849235,304.66719990505015
23,300000,100,20038222,4.361493,78.917544,24.2614083,22.005526478944628,0.025559,10.014551,7.4910887,2.692888971038314,4.222883,15.446599,13.3402903,3.362842100080362,0.014869,17.408099,11.4037073,4.338245596024223,1.548266,11.07314,9.8721356,2.9314546457333055,0.043601,8.08743,6.4756656,2.8076153349236193,0.031925,8.060501,6.4466401,3.3776068063281284,6.22973,87.33226,66.9616641,23.04917980524904
26,100000000,10000,20038222,38.574218,85.231826,71.4391308,13.836156149684921,29.940656,36.620333,33.4129336,2.132066612504726,1377.411383,1386.023019,1381.0437749,2.778955589734328,0.037413,13.668567,11.0443548,3.899071550007993,446.52322,752.246752,602.8343873,114.89502978475453,8.463433,20.100114,15.9968956,4.550131972913831,9.665037,15.201374,11.612701,2.0720519976954135,1882.18087,2219.639739,2063.6046265,121.69793478574859
25,300000,10000,20038222,12.820869,61.3279,27.7970268,16.715607580733202,0.137418,9.676348,7.520329,2.636764576501327,4.123941,15.945299,13.3530844,3.4463247958452206,0.013524,12.09912,10.8771073,3.8170889218715134,0.55184,9.137424,8.26566,2.7103745902181533,0.055166,8.107569,7.2865981,2.5408843208029603,0.020475,8.084364,7.272618,2.5481462458810675,17.241786,81.500064,68.1565482,18.42195231813657
14,100000000,100,20038222,63.240657,193.028233,80.5867962,41.6263539182699,1.207813,10.103363,2.8915696,2.576799351345782,1437.08633,1446.922253,1441.1042337,3.9990997155215893,0.006621,12.025823,1.2095567,3.8004486928457997,1400.808617,1409.462142,1404.5361275999999,2.780341522738311,8.856027,15.850592,10.4488065,2.260187453455293,12.674145,14.787368,13.7728321,0.7686172476262452,2863.804245,2906.19461,2875.0437322,12.071664382425832
17,300000,100,20038222,0.55136,61.087315,14.6364394,18.585760625563683,0.024418,16.042392,5.5190347,5.362226211931095,4.207408,14.037708,9.6998671,4.755382538095249,0.009112,12.067457,7.2354925,6.218658657782476,1.860352,11.962814,7.6884236,5.012504200013939,0.030424,8.082843,4.8599394,4.150201885865371,0.029395,8.057906,4.8435008999999996,4.138424082750675,6.446359,93.773433,48.0740857,36.48469440176912
6,1000,100,20038222,0.126267,12.107955,1.3390318,3.7838221320646377,0.004618,8.005296,0.8080465,2.5288639281518512,0.01687,5.98024,0.6141721,1.885444171436679,0.002273,11.992558,1.2026242,3.791196389812905,0.009883,8.021071,0.8117266,2.5331054642413044,0.002487,8.010414,0.8045228000000001,2.531892206394823,0.002054,8.005012,0.8033680000000001,2.5303998807659283,0.101269,61.175352,6.2559356,19.296744226108633
23,100000000,10000,20038222,39.722118,87.747686,74.3841133,18.09936455949978,30.20355,37.029423,34.1785823,1.999879688075374,1388.904854,1399.383139,1393.3616927,3.0139178357968026,0.016075,12.093766,7.9905745999999995,5.424415940967781,504.098175,770.554079,570.8569526,108.80289563697697,8.168142,19.307369,12.8101526,3.8030704020042427,10.259957,15.508696,11.6257147,1.589609021387688,1948.292887,2255.049226,2038.3788325,119.05011252495738
27,100000000,100,20038222,80.106437,147.915946,101.8399906,20.66367037416789,1.354621,12.325279,9.0928761,3.96646451287257,1373.533763,1701.691133,1437.8901704,118.66086639690029,1.508964,13.13514,11.133891799999999,3.3978793149609197,713.572806,890.682156,772.3021154,58.70775312411654,8.108525,17.725563,14.026339100000001,3.0461283165304356,12.649685,14.5054,13.3863954,0.5426860606037341,2125.614565,2563.584151,2266.6534967,159.67681309688587
7,100000000,100,20038222,124.627149,134.950927,126.1369328,3.11235707036719,1.125455,3.330613,1.9643849,0.6438826560355803,1584.257965,1593.544094,1588.0354392,2.9251822944769206,0.002595,0.007004,0.0048383,0.0012975446941563644,2618.195894,2635.997827,2624.5068325,5.249955795656372,12.579352,13.872875,13.165797,0.4559586699708162,12.207465,12.938995,12.5044351,0.2767066732478238,4228.648141,4249.194752,4240.3603505,5.622854218205336
18,300000,1000000,20038222,0.570566,33.069569,14.7915835,9.433194194952375,36.46832,48.737055,43.9403042,3.868184486891602,4.298672,15.604879,5.5431163,3.5377987712666146,0.169827,12.439936,1.4083021999999998,3.876144338554022,0.227047,8.651198,1.0884802,2.6574751493528925,0.478046,9.261547,1.4181136,2.756599081349021,2.48084,11.816243,3.5432584,2.9084520299214227,48.520617,116.271854,63.2412169,19.537211796564847
30,1000,100,20038222,9.328813,28.659217,15.3042915,5.408430125946721,8.052861,8.084751,8.07258,0.009354029684223459,8.071972,8.096055,8.0820683,0.006986206156101549,12.077743,12.121457,12.0956563,0.012720549298499443,8.050679,8.070232,8.0615126,0.006544866184864087,8.054713,8.071565,8.0639854,0.005843037684096798,6.707235,8.070022,7.9233819,0.42735642874315116,59.497195,72.230267,66.242702,3.467654955633435
29,100000000,100,20038222,61.677099,154.81127,104.31198260000001,24.036166532409162,2.008974,11.596724,8.8080664,3.1698623959363563,1371.764817,1914.42787,1555.1978417,180.09173008808224,0.01835,16.076829,11.1621139,4.42750512027619,710.796761,873.926487,792.015682,46.73584548702104,9.114529,19.806624,15.6441347,3.813024554976012,13.015808,19.295219,14.6634601,2.3374358852007258,2140.117705,2773.434791,2407.5738307,190.82235840921356
22,300000,100,20038222,0.609415,68.507612,23.4885983,20.924620497941998,0.025146,8.070225,6.4525122,3.3874544515115312,4.191703,19.328526,12.8852603,4.9523439300421295,0.012818,12.084436,9.6606745,5.084595029195634,1.554009,11.115257,9.070731,3.9624713445095234,0.043156,8.091205,6.471705,3.3880454123839274,0.034157,8.076184,6.454415099999999,3.3823302836352482,6.153435,83.614754,62.6182504,30.017906632720326
7,1000,10000,20038222,0.143128,16.148442,1.7494731,5.059285236261133,0.093228,8.178903,0.9077612,2.554820575954614,0.016432,8.02689,0.8183969,2.5328063676060744,0.006182,12.00937,1.2079023,3.7952489844528294,0.004499,8.008142,0.8059888,2.5305787421136077,0.006665,8.014657,0.8092159,2.531734123244972,0.024893,8.046459,0.8287994000000001,2.536027930405,0.248479,64.34393,6.7040293,20.25261372953551
12,1000,1000000,20038222,0.233147,26.692397,5.1421057999999995,10.254609473945719,36.027303,45.087528,41.7347472,2.499076320666399,0.019647,8.054854,0.8266748,2.539725315730634,0.282209,12.479187,1.5139658999999999,3.8527994198784414,0.170867,8.320005,1.0001543,2.571952160899233,0.144885,8.309966,0.9654419,2.5806061567426126,2.747471,11.918471,3.8554221,2.836262027985522,44.247286,97.909866,52.5808976,16.254608973295426
7,300000,1000000,20038222,0.565879,27.625687,3.281142,8.553803433987714,24.105904,40.628238,34.7831672,5.426666127273454,4.937464,5.772467,5.3096944,0.2777477141280873,0.380842,0.463757,0.4221735,0.02717744762461863,0.581661,0.814207,0.6977125,0.07669462515464244,1.197662,1.478144,1.3608487,0.0932154886093388,3.045005,3.47611,3.2603152,0.1217622436205538,35.723313,51.081683,46.6015387,4.681883106545154
25,100000000,10000,20038222,39.793505,98.99597,76.8290588,20.366529766811738,30.266282,35.764571,33.9933341,1.8859381169139637,1382.136474,1392.035345,1386.6787620999999,2.8910559481568305,0.013992,12.093728,7.6522559,5.823727581336114,463.699618,714.519947,570.8672016,117.04007765227784,8.845849,19.572506,14.091088599999999,4.298611025933434,9.675191,17.181098,12.0327109,2.3085903316508705,1908.339781,2182.779019,2031.7828002,127.68287030649175
8,1000,1000000,20038222,0.158249,23.421372,2.4959484,7.352449342155612,31.859521,41.886856,38.152982800000004,3.5979844717679503,0.020394,0.03279,0.0264747,0.003352478156362676,0.365416,0.449355,0.4083163,0.025726361020253993,0.25048,0.35279,0.2979789,0.03849364947177073,0.210769,0.267751,0.2326668,0.023643507475273915,2.810897,3.349233,3.1143938,0.18281934278334255,36.294578,47.858135,43.5528462,3.7517536759986667
32,1000,10000,20038222,12.455317,59.314721,32.290061,13.94654656843753,8.101607,16.138803,10.4845945,3.355947636349969,8.088632,16.107498,9.7022256,3.372652218986983,12.085379,24.129006,13.3172899,3.798882828199582,8.06792,8.090259,8.0768392,0.006864959040097829,8.070902,8.091331,8.0807641,0.007450819558947837,8.077571,8.096806,8.0854972,0.005902910897740784,65.176761,97.962297,75.4633064,11.17589966774778
9,300000,10000,20038222,0.508306,23.781273,2.8489393,7.354882744837156,0.497923,0.767495,0.6978007,0.08324137607524278,4.48537,4.517575,4.4955997,0.010798717331753353,0.006121,0.009735,0.0084572,0.0010109359579672252,1.49309,1.505432,1.4997082,0.004332490707818484,0.028694,0.046007,0.036837800000000004,0.005074296925573915,0.033531,0.066847,0.0385346,0.010021920997936919,6.847266,10.696999,7.323322,1.1864634990730505
32,100000000,100,20038222,90.155104,141.053573,107.4460939,13.336323497013565,10.432492,22.194593,12.125555,3.5700856565383856,1379.925738,2019.355173,1650.0063988,210.309815122904,8.871256,12.165665,11.7887134,1.0253253523834598,713.15486,946.919847,765.2550610000001,75.40236144969447,12.383137,25.525635,19.2155038,4.524749832648132,12.876943,20.213764,16.2022746,2.5718323779096663,2153.364522,2918.525134,2485.1038825,235.25067387659595
18,100000000,100,20038222,49.762993,162.792477,96.7853658,32.17353278708427,1.313829,11.536575,5.3583841,4.0616221046227725,1400.981618,1418.076588,1405.6513512,4.9649418773419285,0.012269,12.083078,5.238854,5.9986541946434215,1056.059276,1150.824273,1078.0418046,37.159533428170235,9.001267,18.82886,12.3810941,2.9702081091566797,12.599623,14.507507,13.2808133,0.6232643549944743,2483.574749,2607.13425,2524.2712892,42.29936315580791
12,100000000,10000,20038222,73.329726,119.290154,80.1844886,15.020871616329663,24.199932,31.686101,29.5303104,2.0849648658996736,1470.424835,1482.337658,1475.381373,3.43213536757967,0.007284,12.049977,2.4151088,5.073373051555911,960.721732,1085.882592,982.0968932000001,40.85809505311283,8.766795,16.899276,10.8502245,2.392715047184184,9.261301,22.075296,18.0099977,3.4845165597353054,2482.188794,2634.926262,2518.9750836,46.31378494188594
24,100000000,100,20038222,76.799262,161.447099,94.5381617,25.035084290450786,1.639431,14.302836,8.1045096,4.7083972041033055,1387.45771,1569.601133,1424.4051159,69.22087854302502,0.012079,16.085686,10.2261798,5.530350543287625,886.035528,973.047056,898.066912,26.7932385815713,8.139212,15.330983,12.5597102,2.713885748657727,12.502963,14.709004,13.4800667,0.5596650093249336,2304.532363,2518.523922,2374.2135788,81.06863790176982
12,100000000,1000000,20038222,73.387697,115.889769,80.5119098,14.797109516762077,210.769485,342.294617,309.0190804,38.6075300570948,1551.093375,1759.212335,1594.5275967,60.44150114223572,0.277718,15.677414,3.0670322,5.870972999061017,491.502985,606.495036,512.9089951,41.53239960561816,15.128059,28.49609,17.2288141,3.993838373251683,9.250381,13.222518,10.7133643,1.5804412445167928,2397.434908,2589.994555,2448.16466,56.82144820830849
15,100000000,100,20038222,59.051226,133.490732,69.9191913,24.620956360319525,1.247565,3.112172,2.2294288,0.6196843326428922,1437.392773,1448.752054,1440.3682178,3.269897801875602,0.006975,12.055643,2.4163394,5.076537957038399,1229.977024,1321.658528,1241.2840422,28.365742175781776,7.87807,15.039434,9.999380500000001,2.355222551561399,11.9939,14.948698,12.9097894,0.8672968895287625,2691.065179,2805.108975,2709.5032489,34.68445571412925
25,300000,100,20038222,12.677274,70.501927,28.0194678,18.97268884862829,8.036472,8.089381,8.0633017,0.014800840381921218,13.925882,15.554634,14.768147299999999,0.6712708058322499,12.055442,12.111028,12.0802415,0.01566450066764554,10.469614,10.519403,10.4881282,0.014781119915472068,8.062421,8.105295,8.0828232,0.011007580153895814,8.037249,8.066176,8.0542282,0.008459668653873837,70.419477,83.403794,76.4455067,3.6852927598400607
31,100000000,100,20038222,70.543277,174.018193,104.9783241,27.88349232517977,9.711644,15.68642,11.225905,1.6906206242523287,1364.514051,1833.720006,1603.4332046,143.67499245334514,4.04054,12.530003,11.3428624,2.569267996996819,712.621941,1016.418383,826.2473419,102.24115645933949,13.304959,22.20316,18.706361700000002,2.7971510600780953,12.846996,20.633079,15.7076875,2.984388981335161,2284.370707,2787.766355,2499.3016065,191.77694082899413
32,300000,1000000,20038222,24.710333,80.833941,33.498697299999996,16.99449736687277,44.453111,68.964953,49.2775498,7.162276874842426,4.136649,17.840048,5.5425811,4.321144477172748,0.105194,12.374547,1.34433,3.8756399002314157,0.133225,8.465144,0.9751724,2.631733033544128,0.252299,8.839923,1.1413536,2.7053712754779027,2.444976,10.860137,3.4301068,2.614888615167333,63.947402,149.446424,77.32621499999999,25.635426850304686
6,300000,10000,20038222,0.586506,13.02836,1.8657504,3.922192146878443,0.623192,4.630568,1.2940891,1.1831087910584883,4.773276,4.854415,4.8246459999999995,0.022231353644996288,0.006123,0.009132,0.0078436,0.0011861668610369377,2.212425,2.393567,2.2577084,0.06449544636845815,0.024231,0.050398,0.0358911,0.008218838339787172,0.048089,0.052054,0.0495084,0.0011794600647942462,7.845281,18.487741,9.2380577,3.2554852661580287
5,300000,100,20038222,0.678537,16.947813,2.3265018,5.137429131569923,0.115786,8.142048,0.9583498,2.52423560091802,5.026506,15.564235,6.1030846,3.3243307941541893,0.00219,12.013185,1.2043821,3.7978263284222478,6.051089,19.26838,7.3921373,4.172909700683899,0.02575,0.05271,0.0439111,0.01109067744098619,0.045649,0.096229,0.074541,0.015177179953249987,11.349529,59.105008,16.2444168,15.059844964782862
25,100000000,1000000,20038222,39.99446,85.059507,73.2423517,17.69473400185942,321.482632,370.820494,337.0463321,14.633138235770346,1417.803312,1580.539321,1458.7268199,52.33800219067669,0.238059,12.382126,11.1252331,3.8254667929129162,238.368528,365.95217,327.7571982,50.9953762373408,14.554359,25.004889,19.7251184,3.8936337213268244,5.986584,15.240089,9.7686097,3.8513456934272567,2107.089482,2308.583083,2172.0543592999998,58.50280557628126
16,1000,100,20038222,0.346548,28.784456,4.3895555,9.34730466545584,0.004922,8.034419,1.6099212,3.382021931833408,0.016966,8.055514,1.6240242,3.3865685909593504,0.008181,12.048489,2.4157015,5.07381336485044,0.00712,8.030867,1.6122852,3.3817432679632953,0.003755,8.026441,1.6098837,3.380981955518283,0.003831,8.023735,1.6090846,3.380694716352615,0.300357,72.249394,14.3439643,29.532443728037684
19,1000,100,20038222,0.410166,18.374453,10.9263562,5.924213161407191,0.006714,8.050904,6.4339369,3.387295175047668,0.018428,8.072157,6.4513845,3.390381452066624,0.009919,12.072117,9.6498612,5.080280236079935,0.007641,8.050346,6.4342961,3.38702790681924,0.0072,8.067557,6.4338918000000005,3.3870480977435466,0.007777,8.043667,6.4305274,3.3848919984549384,0.348885,64.622287,50.909452200000004,26.67364487460984
17,300000,1000000,20038222,0.568481,48.435609,11.8392263,14.425525524644016,34.668932,47.673958,42.2426412,3.5456466966870734,4.347921,15.830663,5.6609094,3.5761014743745485,0.180703,12.448853,1.4290627,3.8720506613742383,0.242918,8.651291,1.1116348,2.6494798469241636,0.533468,9.319355,1.4686447,2.759434781293205,2.425133,16.97703,4.1263814,4.517032518451594,47.953153,122.339331,61.1371076,22.282681936481616
23,300000,1000000,20038222,4.652236,63.906061,28.1151542,16.136981928612514,40.73306,53.345808,47.01577,3.2696607889095906,4.186409,15.153478,5.3701098,3.439110437420338,0.136773,12.402041,1.3753007000000002,3.8744298600599305,0.17566,8.56937,1.0315735,2.6486029094619443,0.347318,9.11894,1.2720057,2.7576061977422475,2.274598,13.350909,3.6324514,3.4182166302132266,49.382149,124.777197,67.7246333,20.673153061563283
18,100000000,10000,20038222,49.568381,113.689547,86.2377817,21.720987436646297,27.3225,35.078975,32.4674477,2.51289792878634,1413.592324,1424.125197,1417.957004,3.7542652444823474,0.009196,12.064134,5.6360059,5.740771431360335,642.927286,970.184875,731.8270625,134.59745774805177,8.436788,19.866248,12.3014816,3.458206750725815,11.213195,15.13396,13.8355491,1.2755158675407852,2115.433531,2473.308922,2218.3675889,143.68033477869596
28,1000,100,20038222,12.181547,28.28272,15.2519857,6.022063358025148,8.061471,12.055029,8.867255799999999,1.6789957310368466,7.058059,8.092594,7.9834302,0.32516900908426744,12.077861,12.105267,12.0943864,0.007561096734086996,8.049665,8.075476,8.062826900000001,0.008490765656484406,8.047507,8.074974,8.0619359,0.008141231758428437,8.046793,8.071852,8.0594951,0.008209903537801438,63.917486,76.749671,68.33570420000001,4.073236727341126
23,300000,10000,20038222,4.475473,47.635536,23.1478292,14.6520625388623,0.10744,8.183901,6.558759500000001,3.394573848130482,4.152307,16.037214,12.6580206,4.545790832392953,0.011791,12.086903,9.664168,5.086631856206903,0.597037,9.220759,7.4963387,3.624868378766632,0.041034,8.094864,6.4744684,3.389364800692018,0.020648,8.089024,6.4678702,3.397761445569872,5.373118,77.874115,61.3858582,27.581069500484777
2,1000,1000000,20038222,0.036736,0.049382,0.0411021,0.003898575650157376,32.880394,33.850278,33.4178525,0.3467674159164749,0.033867,0.054516,0.0445241,0.00783070034401635,1.267895,1.409662,1.3436059,0.0577399461271542,0.991526,1.181884,1.0934492,0.08052631080695162,0.848746,1.139496,1.0003779,0.12242001719440239,8.20759,10.293078,8.5859503,0.6160187686868439,44.512753,47.301779,45.5334914,0.8334914954035505
9,100000000,1000000,20038222,97.315174,156.632807,103.71209060000001,18.59763668463844,199.454416,342.505123,297.2499409,45.446094449659256,1617.680514,1775.411479,1669.7304377,48.415591855697976,0.341731,16.961373,2.0415098,5.242373650135039,653.484292,679.074655,659.4134715,7.404572458687858,17.372864,20.000793,18.3688698,0.8650392971219801,11.428555,17.473296,12.7536057,1.824386790857505,2592.144537,2755.792139,2660.2229224000002,51.98918067967514
16,100000000,1000000,20038222,55.355627,91.517652,59.6854778,11.313296561406,277.200167,336.665668,321.7065692,20.23534384352278,1479.051418,1655.746798,1538.1131139,48.717958358012716,0.218558,8.472883,1.0823502999999999,2.5970028192715646,369.416561,387.199868,371.980818,5.414144109773782,13.922779,25.101525,16.3458722,3.3032463967012746,7.357349,10.22244,8.4071556,1.2208073882647592,2205.821273,2378.897672,2258.4615438,45.919197904695295
26,300000,10000,20038222,15.67936,51.355115,28.1820949,10.428118780979183,8.122068,16.208635,9.3722604,2.719172272907254,11.64894,18.838217,15.0033804,1.774104867284795,12.071478,12.100187,12.0889557,0.009059842199386065,9.071952,16.653022,9.849949,2.3904138717755785,8.072182,8.10393,8.0886125,0.01075500751846434,4.068866,8.090654,7.6775105,1.2679836915620757,69.547001,104.280734,79.8054113,10.09800090704263
19,300000,10000,20038222,0.599728,52.030513,21.3948414,14.911612230937555,0.113087,8.202062,4.9582098,4.1622587707946055,4.193077,15.961318,9.5829235,4.80796773006455,0.011025,12.078095,7.2435516,6.2234997630519615,0.710687,9.466664,5.9591753,4.508681566976021,0.039586,8.101226,4.8672079,4.149926696476469,0.023364,8.082919,4.8547606,4.1572584743886525,5.420609,82.034653,46.9231313,32.73248912579503
9,1000,100,20038222,0.20155,16.081013,1.8319709999999998,5.007957682852783,0.005964,8.013805,0.8074871,2.5320421280494108,0.016948,8.024073,0.818604,2.5317437829662426,0.004299,12.004104,1.2053822,3.794284154932164,0.008215,8.013005,0.8100744999999999,2.530852095044199,0.004135,8.006392,0.8047185,2.5304101606095513,0.003261,8.008531,0.8056336,2.530842592487297,0.180462,68.15506,7.002699300000001,21.486756586184338
3,300000,10000,20038222,0.959701,1.047301,1.0104542,0.03363834212059538,0.543562,1.033413,0.8294535,0.21238157791591894,5.353142,5.403728,5.3729904,0.01723398895077852,0.008967,0.011651,0.0100026,0.0008931125597842887,4.399241,4.445755,4.4233972,0.014986291363924664,0.038305,0.082099,0.0623148,0.02019586651217961,0.094472,0.0996,0.0961586,0.0018923933229878192,10.497268,11.08331,10.8435858,0.2545320570955433
30,300000,10000,20038222,24.726863,58.8586,33.7448816,11.429454676505284,0.11389,19.934736,10.542953,5.686201119346085,4.0956,20.716124,15.2882621,4.502096477134957,0.017159,12.15546,10.9002137,3.823971245576865,0.478652,8.980928,8.1214382,2.6854142141222748,0.047238,8.114565,7.2943458,2.546399286121911,0.021212,8.115568,7.2878942,2.553274180499349,18.94171,101.086717,77.6413633,22.552313655378228
16,300000,100,20038222,0.543661,64.963067,9.3122891,20.858145850016943,0.025671,8.044697,1.6293046,3.3774165087601826,4.266583,14.03691,6.0378757,3.738012384211191,0.007775,12.039563,2.4144706,5.07087621830931,2.132246,11.961804,4.0831855,4.099478349918743,0.029659,8.06313,1.6411219,3.3840577335184276,0.026698,8.04807,1.6454422999999998,3.37357041305769,6.741383,80.334969,21.282055,30.569527345018834
28,1000,10000,20038222,16.668217,57.437672,29.476672,10.829799950826516,8.093037,20.156934,10.9230102,4.646234277514134,8.075969,18.45159,10.7944426,4.385846337535682,12.079077,24.102996,14.105330499999999,4.31886527294258,8.042976,16.06071,8.8645665,2.5284956539018855,8.059034,16.06223,8.8715384,2.5265705027040637,8.058435,17.747449,9.0453001,3.0576614614121707,64.991175,131.255603,80.00035840000001,21.865734208949313
