max_threads,array_size,num_buckets,job_id,omp_auto_xorshift32.min,omp_auto_xorshift32.max,omp_auto_xorshift32.avg,omp_auto_xorshift32.stddev,bucketsort_v3.init.min,bucketsort_v3.init.max,bucketsort_v3.init.avg,bucketsort_v3.init.stddev,bucketsort_v3.distribution.min,bucketsort_v3.distribution.max,bucketsort_v3.distribution.avg,bucketsort_v3.distribution.stddev,bucketsort_v3.calc_offsets.min,bucketsort_v3.calc_offsets.max,bucketsort_v3.calc_offsets.avg,bucketsort_v3.calc_offsets.stddev,bucketsort_v3.copy_and_merge.min,bucketsort_v3.copy_and_merge.max,bucketsort_v3.copy_and_merge.avg,bucketsort_v3.copy_and_merge.stddev,bucketsort_v3.sort.min,bucketsort_v3.sort.max,bucketsort_v3.sort.avg,bucketsort_v3.sort.stddev,bucketsort_v3.min_elem.min,bucketsort_v3.min_elem.max,bucketsort_v3.min_elem.avg,bucketsort_v3.min_elem.stddev,bucketsort_v3.max_elem.min,bucketsort_v3.max_elem.max,bucketsort_v3.max_elem.avg,bucketsort_v3.max_elem.stddev,bucketsort_v3.avg_elem.min,bucketsort_v3.avg_elem.max,bucketsort_v3.avg_elem.avg,bucketsort_v3.avg_elem.stddev,bucketsort_v3.stddev_elem.min,bucketsort_v3.stddev_elem.max,bucketsort_v3.stddev_elem.avg,bucketsort_v3.stddev_elem.stddev,bucketsort_v3.cleanup.min,bucketsort_v3.cleanup.max,bucketsort_v3.cleanup.avg,bucketsort_v3.cleanup.stddev,bucketsort_v3.min,bucketsort_v3.max,bucketsort_v3.avg,bucketsort_v3.stddev
25,1000,1000000,20035178,20.82263,36.057431,28.6255163,3.914008808221482,899.64546,989.519676,970.4851331,30.271698164332996,0.014148,0.022724,0.0176531,0.002683134007089471,12.742323,13.192606,12.9575071,0.1744299961031485,4.899677,5.51539,5.2334175,0.2034176963307274,0.438698,0.485597,0.4492137,0.013697150880140492,0.0,0.0,0.0,0.0,1.0,1.0,1.0,0.0,0.0,0.0,0.0,0.0,0.03,0.03,0.03,0.0,31.810738,40.414613,36.1463103,3.156186788630301,964.731732,1058.749318,1035.4675488,29.269711542826958
8,300000,100,20035178,0.554634,0.610701,0.5791879,0.014668377661183656,0.327282,0.522235,0.46251200000000003,0.052557736542248885,0.775791,0.976291,0.9173118,0.06226113519292041,0.003596,0.008745,0.0072743,0.001378750404452444,0.025408,0.040039,0.0367248,0.00415403120942644,4.01908,4.069363,4.0435511,0.016907545609710667,2841.0,2873.0,2858.4,12.738393409950357,3129.0,3163.0,3141.9,10.556198810809379,3000.0,3000.0,3000.0,0.0,57.48,61.85,59.522999999999996,1.4240868419212833,0.064672,0.096221,0.0790132,0.012510144317490684,5.279182,5.649915,5.5682673,0.11121047446875988
13,1000,100,20035178,0.279244,0.317591,0.3034114,0.014127265931917307,0.22376,0.289639,0.2600129,0.025566886111400688,0.004308,0.007231,0.0055501,0.0009153399429234533,0.008299,0.011413,0.0094232,0.0009720086647990563,0.007511,0.010321,0.0089318,0.0009675007665802303,0.007359,0.009547,0.0081193,0.000723480023528255,3.0,4.0,3.8,0.4216370213557839,18.0,22.0,20.3,1.3374935098492586,10.0,10.0,10.0,0.0,2.79,3.21,2.9530000000000003,0.1481028171387852,0.014213,0.017981,0.0157516,0.0011504843617653683,0.304111,0.363596,0.3356775,0.024417716397230015
10,100000000,10000,20035178,87.9369,88.418207,88.158986,0.1695840018050706,183.761583,293.812731,278.9053852,33.50626533211577,223.297673,257.67976,252.8107156,10.404629847319523,0.077314,0.100382,0.0903437,0.005965044715302273,13.303368,15.357251,15.0213525,0.6108745851226108,1176.369308,1181.211084,1178.7219537,1.5068033783861146,9515.0,9664.0,9600.3,52.65411242776347,10344.0,10418.0,10387.9,24.140560612103993,10000.0,10000.0,10000.0,0.0,99.31,110.75,104.731,4.688018889798877,16.852165,23.924912,20.8834735,2.2389858335997297,1621.300856,1767.258869,1746.689956,44.2464235867509
9,300000,100,20035178,0.52556,0.862861,0.5838374,0.09901751957686859,0.273055,0.52101,0.4253753,0.06420155896004395,0.777494,0.990103,0.8905009,0.06330721777078642,0.004102,0.00876,0.0070364,0.0012649630824652554,0.021145,0.03641,0.0324012,0.004138872573271346,3.670971,3.740006,3.6961594,0.020127862806457012,2834.0,2870.0,2858.1,10.159286939107051,3122.0,3159.0,3136.9,12.251530516633421,3000.0,3000.0,3000.0,0.0,55.05,61.6,57.376,2.0873279037510564,0.03451,0.069019,0.0458077,0.009985879876105058,4.825208,5.260046,5.1215822,0.12508446074446392
29,300000,100,20035178,12.738321,18.167755,15.652139199999999,1.7881596367634391,8.709232,16.919501,11.2570621,3.3830175931666706,8.299966,12.54137,9.2110555,1.6993010988335602,12.096788,12.116283,12.108461,0.007430155344570186,8.061151,8.108812,8.0944627,0.014556874008522272,10.324305,10.546753,10.512419,0.06710588197435094,2795.0,2839.0,2821.7,12.927576038152791,3117.0,3143.0,3128.4,9.167575712501339,3000.0,3000.0,3000.0,0.0,50.53,59.21,55.917,2.7644571498457573,12.086258,12.132872,12.1198191,0.01388589090047862,67.82138,81.845075,74.8427672,4.7523250336588285
31,1000,10000,20035178,25.129105,32.316761,28.421404,2.5442043074254084,15.078653,23.869111,19.7914211,2.558731981037112,0.005593,8.089832,1.6208365,3.4008244468257742,0.173546,12.37756,2.6335434,5.10616821449377,0.042305,8.171811,1.6700955,3.4188465359002214,0.013535,8.069641,1.6278079,3.394453543515246,0.0,0.0,0.0,0.0,2.0,3.0,2.2,0.4216370213557839,0.1,0.1,0.1,0.0,0.32,0.32,0.32,0.0,0.277528,12.489058,2.0468108,4.037415947194712,28.101632,90.990524,44.2621684,21.888332622332523
2,300000,1000000,20035178,1.388517,1.453916,1.4152559,0.022988825954508116,71.593387,72.985469,72.2475082,0.5246585499852467,8.918393,9.985781,9.5062536,0.27509059402321334,9.612693,9.908822,9.7343127,0.09211545700315468,10.213888,10.827817,10.6754986,0.17356874567617267,5.686544,5.809771,5.750351,0.04385633922251143,0.0,0.0,0.0,0.0,59.0,94.0,75.5,12.020815280171307,0.3,0.3,0.3,0.0,0.55,0.56,0.552,0.004216370213557843,22.143843,26.165421,22.9135756,1.3517291108985963,129.410898,135.741329,131.458738,1.92926696540497
10,1000,1000000,20035178,0.181488,0.212706,0.2032644,0.008461874158049542,254.722025,389.027111,368.7914003,40.28876245302989,0.014122,0.022775,0.0172308,0.003251080121368213,10.679093,12.612292,12.1674227,0.5577154950643743,2.985224,3.479907,3.3091133,0.18366198239280648,1.045,1.085847,1.0610793,0.012735152688959455,0.0,0.0,0.0,0.0,1.0,1.0,1.0,0.0,0.0,0.0,0.0,0.0,0.03,0.03,0.03,0.0,22.945293,24.644079,24.287634,0.49268585318390834,293.626898,431.421995,410.8379105,41.40039659270572
4,300000,10000,20035178,0.794633,0.849248,0.8311301,0.01513050268277075,1.311103,2.270381,2.0952045999999998,0.27972766914634034,0.917971,0.966925,0.9410391,0.014994751018273033,0.076322,0.093605,0.0831604,0.005588914905616494,0.131987,0.158981,0.1457938,0.006825523191993746,3.34778,3.390949,3.3643881,0.012995385937153069,11.0,13.0,11.7,0.8232726023485646,50.0,57.0,52.7,2.2135943621178655,30.0,30.0,30.0,0.0,5.38,5.53,5.474,0.04221637386396695,0.24934,0.322838,0.3110035,0.0218870260314187,6.19497,7.35903,7.1353135,0.33593170711726855
17,1000,10000,20035178,0.356289,16.436531,11.6567035,6.239552888734207,5.400578,10.718541,9.6193288,1.9604843137636394,0.004065,0.006807,0.0052961,0.0008324187581313198,0.113688,0.125458,0.1191625,0.00338456901080313,0.046107,0.05445,0.0498329,0.0024849120015717967,0.011809,0.015162,0.0132069,0.0009068290847171196,0.0,0.0,0.0,0.0,3.0,3.0,3.0,0.0,0.1,0.1,0.1,0.0,0.32,0.32,0.32,0.0,0.266055,0.290482,0.2773555,0.007706784648030021,6.072223,19.371989,14.6640461,4.629001805962646
6,300000,1000000,20035178,0.606349,0.646188,0.6318697,0.01171818121126311,131.474063,214.157116,201.6690535,24.903854784981785,3.302657,3.516556,3.3917126,0.07792390703500429,8.469051,9.982698,9.657875,0.4395117317731371,6.593671,7.408918,7.2522455,0.23665275393437168,1.922668,1.955733,1.9386145,0.010593525236881424,0.0,0.0,0.0,0.0,65.0,84.0,72.1,5.2588549662027715,0.3,0.3,0.3,0.0,0.55,0.55,0.55,0.0,24.174096,26.287304,24.5292463,0.6274166813687605,179.107158,262.383885,249.42083010000002,24.96087865390918
3,1000,100,20035178,0.070529,0.081955,0.0757583,0.003648380890507765,0.046075,0.07273,0.0631609,0.00803259113376389,0.005331,0.00908,0.0066809999999999994,0.0009696481607034354,0.002357,0.005903,0.0047165,0.0009786257087251375,0.004177,0.008863,0.0072677,0.0012387295507898402,0.015043,0.017935,0.016835799999999998,0.0007818320080994947,2.0,4.0,3.4,0.8432740427115678,17.0,21.0,18.7,1.1595018087284057,10.0,10.0,10.0,0.0,2.92,3.32,3.164,0.11413442367080434,0.009359,0.015808,0.0138508,0.0018565723973674355,0.093955,0.145496,0.1313147,0.014655590098055492
25,300000,1000000,20035178,12.818676,30.162524,23.619805,6.436589971483503,954.351104,989.825591,968.5853007000001,11.799149380579612,1.117508,9.792433,2.5474477,3.004114293145543,12.563208,22.729032,14.7607845,4.180187243247477,11.923914,27.41607,15.2651305,6.074980158169248,0.477671,8.984493,2.0849533,3.3714620921472975,0.0,0.0,0.0,0.0,61.0,70.0,63.5,2.718251071716682,0.3,0.3,0.3,0.0,0.55,0.55,0.55,0.0,32.002486,55.715419,38.9849045,7.120699326944358,1026.364922,1121.014235,1055.4755071,32.776567054333356
29,300000,1000000,20035178,17.036588,35.869432,28.4516412,4.978082449860608,1102.369194,1131.699686,1116.2351838,7.844574794762273,1.032889,9.755158,2.8001897,3.6310562008523406,18.062211,28.018814,19.9403183,3.1663990347525353,12.975434,27.176851,14.6483041,4.406702791026578,0.420139,8.848573,1.2729828,2.661801719099294,0.0,0.0,0.0,0.0,66.0,71.0,68.8,1.4757295747452437,0.3,0.3,0.3,0.0,0.55,0.55,0.55,0.0,37.925311,61.962941,41.801053700000004,7.221027045179393,1187.55071,1273.610148,1210.9695301,23.770373118272417
12,100000000,100,20035178,73.054534,74.116847,73.5087561,0.3196285756556458,3.756145,6.087665,5.5040856,0.647652819801405,134.041075,159.214784,146.2136385,9.473965160675805,0.007389,0.015668,0.0105436,0.0028512259819242674,10.141143,12.687715,12.196497,0.7446112450320789,1604.876381,1612.058825,1608.1904209,2.1066630634704855,997196.0,997720.0,997468.8,161.62975523639753,1002228.0,1003614.0,1002757.6,435.68877781176684,1000000.0,1000000.0,1000000.0,0.0,993.24,1161.74,1067.776,61.842180175741596,25.445946,28.991352,27.7297704,0.9300392311045808,1781.301013,1814.717636,1799.9008677,10.910855052890929
9,100000000,10000,20035178,97.301568,98.06281,97.7436061,0.22530588327350712,164.30978,268.845011,252.7135639,31.17652083240807,239.977183,271.536933,267.0735115,9.593582597750059,0.073614,0.086816,0.0842168,0.0039959059826555265,14.367844,16.737657,16.271131,0.6820105248378175,1308.972726,1313.812798,1310.9890116,1.35376674252882,9531.0,9647.0,9601.4,45.26269005606175,10339.0,10462.0,10397.7,41.933942761867215,10000.0,10000.0,10000.0,0.0,98.63,112.52,104.844,5.257526245509594,27.43791,31.365317,29.2883123,1.494783518836985,1756.785737,1898.204889,1876.6609249,42.27273648257929
31,1000,100,20035178,16.347488,28.116957,19.896626599999998,4.055859726859213,8.407652,15.6154,10.2040045,2.475288271313117,8.048386,12.076076,8.5338372,1.2605135250559858,12.099758,12.130007,12.111358,0.00958402540109829,8.056633,8.084459,8.070902,0.008677190776845872,8.057385,8.078872,8.0710504,0.005426078330105903,2.0,4.0,2.9,0.5676462121975467,38.0,40.0,38.6,0.8432740427115678,10.0,10.0,10.0,0.0,4.0,4.48,4.233,0.14476417604734498,12.088884,12.12286,12.1057187,0.01128408908399569,65.095716,84.131208,72.7164221,6.623466210854781
10,1000,10000,20035178,0.180748,0.234667,0.2145571,0.01639229992981122,2.283416,3.818678,3.5938651,0.4630487210728598,0.004097,0.006829,0.0052251,0.0008053898227980451,0.076893,0.100979,0.0872913,0.006190226437251261,0.034225,0.063835,0.0454937,0.007330469274806962,0.013593,0.016232,0.0151323,0.0007207593295345619,0.0,0.0,0.0,0.0,2.0,3.0,2.9,0.31622776601683794,0.1,0.1,0.1,0.0,0.31,0.32,0.318,0.004216370213557843,0.242118,0.288794,0.25943120000000003,0.015339755501455834,2.871564,4.521057,4.2522969999999995,0.49006856834211365
4,100000000,1000000,20035178,218.413018,219.811552,219.105603,0.3849392009312081,233.854614,417.028967,385.69222,53.76758642278691,1595.787861,1676.010367,1639.0145798,29.437480209785274,8.557542,10.145377,9.8606798,0.4698032683699281,26.404474,29.350236,28.8110024,0.8603058836544641,1478.508686,1503.383093,1486.2953886999999,7.785611900676388,47.0,57.0,53.5,3.92286743197994,22646.0,23012.0,22823.0,93.8485778025195,100.0,100.0,100.0,0.0,24.62,25.69,25.002,0.40756185624597735,58.406495,84.560558,79.7691189,7.564357678584121,3487.440991,3696.612518,3630.2927068,55.753560811163574
25,1000,10000,20035178,18.529318,28.672631,25.775700999999998,3.410774503147929,12.189724,17.523888,15.3974183,2.2425515282807784,0.004502,8.079076,0.8135162,2.5528577170794216,0.131708,12.220169,1.356933,3.817021644956328,0.049316,8.16335,0.8638391999999999,2.5647884152007894,0.012213,8.06306,0.8194688,2.545139201514605,0.0,0.0,0.0,0.0,2.0,2.0,2.0,0.0,0.1,0.1,0.1,0.0,0.32,0.32,0.32,0.0,0.276461,12.459375,1.5021853,3.849970044068454,19.482961,78.769076,30.8781167,17.436404944288473
2,300000,10000,20035178,1.38248,1.472932,1.4440685,0.026721177378626105,1.006785,1.123469,1.0807318,0.03853724626268866,1.77434,1.848628,1.8057584,0.02229941413879145,0.065625,0.070724,0.0670981,0.0013553079559847463,0.121763,0.126681,0.1236743,0.0015847550143651696,6.673403,6.729082,6.7054967,0.017238062852304312,10.0,13.0,11.2,1.0327955589886446,50.0,55.0,53.0,1.4907119849998598,30.0,30.0,30.0,0.0,5.39,5.53,5.468,0.03765338999051463,0.237455,0.295232,0.2759437,0.022584653545912298,10.062802,10.20127,10.1568054,0.051126076899714615
20,100000000,100,20035178,44.868844,95.36804,78.28114980000001,13.266215932977579,7.528018,12.629467,10.8908417,2.0714982840154903,101.975121,125.392457,112.1881822,6.959857894358838,0.011151,0.024508,0.0172297,0.00520653179616186,8.46373,12.529001,12.0019571,1.2497693706677286,898.433508,900.860358,899.8913392,0.7772768387808017,997314.0,998050.0,997647.0,263.53873845540556,1002678.0,1003223.0,1002950.6,201.61856175571842,1000000.0,1000000.0,1000000.0,0.0,1002.06,1147.26,1060.635,51.588082441587225,30.98644,34.198023,32.759983,1.0188312686891128,1054.941743,1089.975832,1072.6246792,9.664999898442073
12,300000,10000,20035178,0.466581,0.540936,0.5152198,0.020774319482369456,3.683564,6.295745,5.8599135,0.7737040845916696,0.33256,0.415484,0.3561426,0.028658203685661965,0.071687,0.100298,0.0880687,0.008525983111120445,0.141595,0.167529,0.1561801,0.007209691431985455,1.141463,1.164655,1.148836,0.00830456397945666,10.0,13.0,11.9,0.9944289260117531,50.0,55.0,52.3,1.7029386365926402,30.0,30.0,30.0,0.0,5.44,5.54,5.499,0.03348299734359358,0.273346,0.333026,0.3199636,0.017115851497629005,5.922407,8.722546,8.2008248,0.8193952506753314
24,100000000,1000000,20035178,47.670913,83.885283,76.2024952,10.808859399365298,1166.576187,1216.095571,1200.7485801,14.901316853562495,335.914493,506.388821,377.6842444,67.77272622963214,12.097668,23.099128,14.3712228,4.579522142693366,62.554304,65.388462,63.8095635,0.891258604401943,251.249116,251.865274,251.5545126,0.21827441263907332,52.0,56.0,54.1,1.286683937707919,22668.0,22777.0,22713.6,35.459523090106245,100.0,100.0,100.0,0.0,24.89,24.99,24.93,0.03197221015541807,44.321093,54.342598,47.8121787,3.8701229203639302,1911.380932,2115.146675,1965.20764,74.55715423249137
13,1000,1000000,20035178,0.258734,0.280605,0.2694595,0.008001884587048497,383.653396,515.544858,490.5452141,38.172297141886574,0.014549,0.020183,0.0172293,0.0019026250900619737,11.533326,12.149591,11.7704708,0.18604555757412355,2.980997,3.873448,3.6486388,0.2437378744775716,0.806948,0.840136,0.8230894,0.009826571711436282,0.0,0.0,0.0,0.0,1.0,1.0,1.0,0.0,0.0,0.0,0.0,0.0,0.03,0.03,0.03,0.0,24.43404,29.252598,27.3167208,1.170649977420407,425.311366,560.383335,535.426269,39.250339492706935
13,100000000,1000000,20035178,67.877947,68.087932,67.9899523,0.056447089195791444,619.3071,817.962531,793.8953057,61.50069860128703,575.053426,622.358653,602.2137684,14.290400171790724,11.444419,12.155072,11.6622715,0.21600409394024117,21.226607,27.463997,26.6342715,1.907105027586475,458.751267,462.456084,461.1851694,1.4145930530561397,50.0,56.0,53.6,2.1705094128132942,22645.0,22762.0,22714.8,39.78497762277169,100.0,100.0,100.0,0.0,24.73,25.01,24.902,0.10336558636434323,42.117023,52.808126,50.692005,3.09824767759225,1730.469134,1994.778714,1947.7593768,77.24848411062992
15,300000,1000000,20035178,0.518571,0.819417,0.5808694,0.08695924938881812,480.786575,592.77701,573.3179974,33.11742615272188,1.599962,1.785915,1.7107598,0.0485503322950065,11.397226,11.791259,11.5642016,0.12877812211120693,8.817013,9.006414,8.8881604,0.05693488353705281,0.785867,0.81485,0.7967408,0.009275938165190872,0.0,0.0,0.0,0.0,63.0,77.0,66.8,4.237399621885521,0.3,0.3,0.3,0.0,0.55,0.55,0.55,0.0,26.00237,30.548864,29.8698865,1.3695142671283334,530.955112,647.183952,627.5459462,34.48100314857102
13,300000,1000000,20035178,0.499265,0.553873,0.5241454,0.0154360767194546,381.741017,508.281212,492.5401548,39.11522170980034,1.821952,1.916268,1.8676744,0.02539659070820336,11.473705,11.998713,11.7318013,0.1451581587097712,7.626757,8.951623,8.6850274,0.3934341817292104,0.862774,0.94593,0.9100258,0.02032729708653968,0.0,0.0,0.0,0.0,57.0,74.0,65.0,5.185449728701348,0.3,0.3,0.3,0.0,0.55,0.55,0.55,0.0,24.282129,27.858798,27.2359511,1.0504956517740087,429.53087,561.006247,544.2402305,40.490154529109454
15,300000,100,20035178,0.564735,0.592131,0.5775326,0.00896586276693745,0.35941,0.517899,0.4314019,0.049155267750827646,0.416694,0.617327,0.5429794,0.07946286801351517,0.008469,0.012981,0.0108825,0.001536886047246907,0.033362,0.055951,0.0396745,0.0061288157864667825,2.18503,2.244431,2.2149142,0.01633284322938164,2830.0,2883.0,2858.5,14.64581851587681,3116.0,3201.0,3155.9,25.06192331007339,3000.0,3000.0,3000.0,0.0,56.91,61.89,59.089,1.6830161417328526,0.021309,0.030813,0.0264653,0.003000295431749643,3.098474,3.445705,3.2925679,0.12659179941445217
24,300000,10000,20035178,13.959696,38.755453,23.9514179,7.1460046032679845,14.452603,16.028677,15.5055588,0.43929819137544046,0.20687,0.444955,0.3312107,0.06941608261787113,0.105205,0.167364,0.1275897,0.01968948737016787,0.213716,0.226853,0.219816,0.005085276393668292,0.580283,0.590911,0.5848572,0.003484214555199851,10.0,12.0,11.3,0.6749485577105528,51.0,55.0,53.4,1.2649110640673518,30.0,30.0,30.0,0.0,5.45,5.47,5.462,0.009189365834726619,0.383617,0.41973,0.3947148,0.010957843895787366,21.461675,26.124767,24.2658392,1.8765491477839966
13,100000000,100,20035178,67.639176,68.129282,67.8726132,0.16822655486694013,4.083612,6.584562,5.7403474,0.7194622285965787,150.519968,168.101605,158.3578087,5.984148950248816,0.008714,0.019359,0.0125536,0.003988737817628251,9.211482,12.740398,12.244652,1.0741371805953526,1429.828596,1433.619052,1432.1770393,1.0368903030026382,996941.0,997883.0,997489.4,260.7127836442923,1002234.0,1003519.0,1002712.7,416.4268776681501,1000000.0,1000000.0,1000000.0,0.0,993.78,1117.21,1052.957,43.0594816116807,26.71794,29.422833,28.3545439,0.7698784185941243,1622.676143,1647.266442,1636.9479378,7.336647728882215
3,100000000,10000,20035178,289.792331,292.890988,291.5246779,1.0490741067413816,43.578162,89.078267,80.103421,13.17618971564722,688.872719,710.616964,694.2971927,6.438503857169515,0.073678,0.08121,0.0784353,0.00210420689994539,26.599362,31.635286,29.9412376,1.5362722478619908,3920.365812,3946.56933,3928.1100423999997,8.327887519239138,9519.0,9644.0,9602.1,36.86748040090496,10341.0,10468.0,10403.9,40.80427537512324,10000.0,10000.0,10000.0,0.0,98.84,123.32,104.154,10.078327903642215,8.513181,13.612517,11.3214046,1.3821751986588386,4698.54783,4768.644053,4743.9985068000005,19.216753797819063
12,300000,100,20035178,0.50836,0.573123,0.5496492,0.019119568252912444,0.30397,0.437284,0.3886863,0.043430150832623686,0.43381,0.858634,0.6703031,0.12484882073527523,0.005044,0.010505,0.0088244,0.0017117872531363237,0.020096,0.037221,0.0339363,0.004945719811671053,2.810894,2.83426,2.8210987,0.008134457655212453,2817.0,2882.0,2849.4,22.55462504922463,3121.0,3168.0,3146.1,13.494443300855355,3000.0,3000.0,3000.0,0.0,56.09,62.83,59.009,2.0481832057812697,0.035894,0.07733,0.063108,0.011860178497813597,3.634596,4.237799,4.0122537,0.16901822964076982
4,300000,100,20035178,0.833278,0.864285,0.8461782,0.009428788855886472,0.478603,0.732036,0.6668883,0.06906683803397337,1.285356,1.594279,1.4376964,0.0907439962289517,0.002506,0.006185,0.005223,0.001061376255413487,0.029148,0.049928,0.0458449,0.0059901275158009415,7.667937,7.733967,7.6936134,0.021750565837850296,2826.0,2906.0,2867.0,26.940263134902334,3100.0,3212.0,3143.1,37.85777477759504,3000.0,3000.0,3000.0,0.0,49.1,58.59,53.455,2.927423022994039,0.071677,0.132416,0.1120199,0.021265493888509204,9.670179,10.143823,9.9827179,0.14025782616187787
22,1000,100,20035178,4.08317,16.327224,12.0646843,3.3934792946892216,0.359677,16.256793,8.1330194,3.7960891595230297,0.004754,8.059801,6.4347076,3.388694717393777,0.014257,12.087081,9.6682196,5.087581831424089,0.010333,8.062914,6.4455402,3.391597587137883,0.007843,8.055526,6.4421238,3.3911172952811355,3.0,4.0,3.7,0.48304589153964794,27.0,29.0,27.7,0.9486832980505138,10.0,10.0,10.0,0.0,3.15,3.44,3.275,0.09288583195395177,0.015823,12.090196,9.6657274,5.085226308813037,0.447932,72.817736,57.2754607,26.33736995759973
11,300000,10000,20035178,0.485669,0.517798,0.503951,0.010651218980838659,3.361865,5.852796,5.3750848,0.7187103603924958,0.362022,0.471476,0.4093136,0.0462271240319649,0.070975,0.09332,0.0835256,0.005697212850742604,0.141988,0.188229,0.1583562,0.011538002915968125,1.24149,1.260018,1.2512409,0.00516995842343051,10.0,13.0,11.4,0.9660917830792959,51.0,54.0,53.1,1.1005049346146119,30.0,30.0,30.0,0.0,5.46,5.55,5.505,0.02758824226207803,0.269677,0.336665,0.319391,0.018187387742303423,5.787702,8.347071,7.8810935,0.7545538401556319
11,100000000,1000000,20035178,79.928852,80.390587,80.1466108,0.16715885512144033,534.134436,819.705333,777.4605451,85.91335796676766,677.342377,716.795062,695.897466,13.609426856971913,10.004802,11.827041,11.4778798,0.5318256411178387,21.928361,27.541029,26.661649,1.6719581225342408,542.549384,547.07688,544.7425542,2.021975992759542,52.0,58.0,54.3,2.2135943621178655,22670.0,22910.0,22769.1,65.2728461494092,100.0,100.0,100.0,0.0,24.75,25.17,24.992,0.16982343772283032,48.146281,55.825877,53.3780643,2.892356734827271,1866.969619,2162.871602,2110.8655805,87.2048143870487
5,300000,1000000,20035178,0.655001,0.718727,0.7021045,0.017714225967033127,111.440521,153.914469,147.0312466,12.663963935188802,3.919001,4.293283,4.1055522,0.09843525319586122,8.491369,10.018226,9.6174673,0.4142013886167102,7.040161,8.126892,7.9632395,0.3266501883280065,2.284261,2.358208,2.3198669,0.022938591066148758,0.0,0.0,0.0,0.0,62.0,88.0,71.1,8.849984306326323,0.3,0.3,0.3,0.0,0.55,0.55,0.55,0.0,22.410209,24.931463,24.425135400000002,0.7321452034248709,156.700251,203.921516,196.4103419,14.11887382240748
26,300000,1000000,20035178,12.9897,29.729151,24.5915303,4.951943971079193,996.585121,1024.165,1015.5457111,8.447811586473382,1.122131,10.109915,3.4229162000000004,3.760117476775214,12.939434,26.020013,16.8926496,5.674004385888471,12.760544,28.209643,17.4384955,6.988629513097086,0.453308,8.938128,2.8130397,3.8082769884683794,0.0,0.0,0.0,0.0,63.0,68.0,64.2,1.6193277068654826,0.3,0.3,0.3,0.0,0.55,0.55,0.55,0.0,37.875348,47.454673,41.2194412,3.3177304890083383,1080.362585,1156.227899,1112.8117815,26.53876032091547
18,1000,100,20035178,0.384344,12.250167,10.6594536,3.7865793472534666,0.317439,8.44412,7.5627721999999995,2.5466481130264715,0.005514,8.048912,7.231251599999999,2.538900461252434,0.011527,12.068878,10.856395299999999,3.81050079054298,0.012464,8.056895,7.2424305,2.540355361367174,0.007351,8.052861,7.2384065,2.5407389235996,2.0,4.0,3.2,0.7888106377466154,21.0,23.0,22.7,0.6749485577105528,10.0,10.0,10.0,0.0,2.89,3.23,3.102,0.10443498775155127,0.017215,12.071829,10.859498799999999,3.8095940156295396,0.401894,72.52587,62.2626096,21.768676960933146
8,1000,100,20035178,0.176689,0.200891,0.1863117,0.006922486114909227,0.121496,0.197388,0.17242470000000001,0.022062494092161624,0.004889,0.00757,0.0061554,0.0008261907501028778,0.003572,0.008792,0.0073691,0.0014649357551328544,0.004945,0.00934,0.008152,0.0012843144301749301,0.009276,0.010726,0.009644,0.0004907973105060784,3.0,4.0,3.3,0.48304589153964794,17.0,21.0,18.8,1.1352924243950935,10.0,10.0,10.0,0.0,2.82,3.6,3.126,0.2497643333669206,0.011302,0.018192,0.0143909,0.0018543899535966,0.173897,0.269547,0.2445231,0.027370838311563964
16,100000000,10000,20035178,55.502401,56.057802,55.7094729,0.19073686766121367,248.579365,307.607777,294.0962824,16.39144111020698,202.399475,225.024235,220.7394482,6.589126099254892,0.09247,0.140981,0.11655940000000001,0.012640195103979474,11.441722,14.731934,14.1546678,0.9624655975607416,736.082272,738.679651,737.1214201,0.837485404189704,9553.0,9631.0,9595.4,25.413032527075988,10372.0,10445.0,10406.8,24.87658425999125,10000.0,10000.0,10000.0,0.0,103.02,110.97,104.634,2.9449323704741803,5.520325,7.711586,6.9091013,0.6815608387961088,1207.676683,1290.860481,1273.4279224,23.53501192016319
1,300000,100,20035178,2.793589,2.838679,2.8177519,0.013144593941152328,0.149267,0.157084,0.153513,0.0026845802485884304,3.489804,3.586575,3.5393081,0.027141969200852007,0.001154,0.001364,0.0012825,6.447092367881816e-05,0.086682,0.089497,0.0875934,0.0008416738877578014,30.533628,30.62175,30.5850241,0.030900780610240933,2835.0,2900.0,2862.3,18.25772287127955,3114.0,3168.0,3145.8,16.396476586280492,3000.0,3000.0,3000.0,0.0,50.54,61.27,55.824,3.2889924157880195,0.067131,0.084097,0.0748268,0.005955153600034177,34.347021,34.526341,34.452399299999996,0.052166172730462916
17,1000,100,20035178,0.378112,12.199228,10.939895400000001,3.7111612343767133,0.305403,8.414766,6.1218914,2.7307765597982154,0.0049,8.055706,4.8276438,4.150183814544197,0.011495,12.0691,7.240658600000001,6.221365299250518,0.008361,8.052983,4.8267183000000005,4.145955204896107,0.007128,8.042624,4.8249863,4.146191697417765,3.0,4.0,3.5,0.5270462766947299,20.0,22.0,21.5,0.8498365855987975,10.0,10.0,10.0,0.0,2.9,3.24,3.071,0.09711962840858808,0.016591,12.072105,7.2458852,6.220103597709854,0.388466,72.672494,44.8739803,30.822458629760117
32,100000000,10000,20035178,59.104464,79.448373,69.4825699,6.931413584798854,283.859152,317.207224,291.5916039,9.384771326931146,167.967485,189.19076,173.2031935,6.736597980929433,0.175614,12.338991,2.6200945,5.108379206704374,11.278313,20.695639,13.9445119,3.5393042396440464,369.538615,564.560857,408.1944516,79.97062501538642,9539.0,9625.0,9584.7,27.125428824055277,10443.0,10482.0,10463.0,13.424687043734846,10000.0,10000.0,10000.0,0.0,102.78,107.57,104.667,1.760158136835058,7.039017,24.001312,12.1627076,5.90723791067642,853.572985,1140.003259,909.2104427,106.13330461284302
21,300000,100,20035178,0.637417,15.73125,11.7075962,4.013129645083907,0.55581,12.67701,7.8957397,3.609363023119178,0.364387,8.54798,6.8414145,3.406679427223239,0.012687,12.087394,9.6657649,5.08698370506816,0.035647,8.097642,6.474492000000001,3.3923268145791416,1.585999,11.145535,9.1290257,3.9757937719844643,2836.0,2875.0,2857.3,10.306955580254208,3119.0,3160.0,3140.3,14.65188649211349,3000.0,3000.0,3000.0,0.0,55.4,59.05,56.862,1.1341252135456648,0.02992,12.105615,9.6797461,5.085781987261447,2.623097,76.630146,60.268839,27.499907421406018
6,300000,100,20035178,0.630595,0.672306,0.6517943,0.012110016901080038,0.401313,0.675136,0.586074,0.07106801945241537,0.945353,1.232488,1.0702407,0.09433822761161034,0.003933,0.007986,0.006163,0.0010869614119696758,0.027001,0.044741,0.0403737,0.004901689143097057,5.229596,5.271371,5.2478146,0.013767479348087,2791.0,2881.0,2855.3,25.983114174829435,3127.0,3190.0,3158.5,23.576117859675993,3000.0,3000.0,3000.0,0.0,53.27,61.33,57.084,2.5252995421885642,0.056425,0.09729,0.0834062,0.012745697860672657,6.700753,7.260062,7.0587644,0.1517894823491477
26,300000,100,20035178,12.640295,16.698429,14.528170900000001,1.9862297685024286,8.544246,16.634361,10.303254599999999,2.7829867042793026,8.375636,8.909745,8.4896814,0.1610462398072193,12.067188,12.110272,12.0944151,0.012290617102760474,8.060103,8.102832,8.08931,0.011955498725598163,10.41678,10.550803,10.524941,0.03943698704684924,2825.0,2853.0,2846.7,8.57710129744698,3102.0,3160.0,3126.5,20.006943239230168,3000.0,3000.0,3000.0,0.0,50.85,57.2,55.021,2.0806807112630765,12.078127,12.124579,12.112,0.012751870686295363,67.955479,80.116473,73.0435223,3.9467605336837703
14,300000,10000,20035178,0.502882,0.549041,0.5324132,0.013611415934183066,5.182845,7.348443,7.001231499999999,0.647346991171616,0.297627,0.407211,0.32292319999999997,0.04040047747737643,0.080695,0.119924,0.0932707,0.011555271428611659,0.157027,0.167008,0.1627344,0.003430372645776093,0.978229,0.998388,0.9881926,0.0062132150775584824,10.0,14.0,11.9,1.1005049346146119,50.0,59.0,53.9,2.282785822435191,30.0,30.0,30.0,0.0,5.45,5.53,5.4959999999999996,0.025033311140691437,0.324985,0.354549,0.3361535,0.009563758271609425,7.347987,9.605493,9.1967909,0.6714305918012258
13,300000,100,20035178,0.542594,0.588781,0.5560171,0.014470894109287855,0.332506,0.485493,0.4181584,0.05118580646190461,0.517911,0.814504,0.6029013,0.09787193524766037,0.00779,0.010585,0.0094264,0.0007956713726993912,0.027676,0.036948,0.0348583,0.0027254726419874823,2.498277,2.539351,2.5184496,0.01388899866161073,2827.0,2895.0,2855.9,23.825523195840958,3126.0,3173.0,3146.9,14.502490207623731,3000.0,3000.0,3000.0,0.0,56.78,63.2,59.554,2.0541729884960196,0.022745,0.030329,0.0251776,0.002556495352800174,3.484688,3.925115,3.63684,0.1245856877521117
9,1000,1000000,20035178,0.161666,0.196505,0.181712,0.009784195226088975,223.250569,347.585445,331.7318664,38.16461667410551,0.016042,0.019845,0.0182465,0.0012789910302873726,9.813824,11.788816,11.2029511,0.5155076992949011,2.723017,3.18158,2.9595021,0.10940615652842492,1.162773,1.227036,1.185461,0.017399051474785102,0.0,0.0,0.0,0.0,1.0,1.0,1.0,0.0,0.0,0.0,0.0,0.0,0.03,0.03,0.03,0.0,22.929883,26.37874,24.4169165,0.8250183262313701,260.868661,388.932911,372.6092024,39.31690446056838
32,300000,10000,20035178,24.998823,34.195946,28.6811626,2.6602623946094406,15.108801,19.900708,18.5212281,1.656870047098474,0.254673,0.489381,0.36460359999999997,0.08167120236275317,0.175804,0.228082,0.2056262,0.0188618887931311,0.307893,0.371816,0.3349932,0.02428503128266464,0.438436,0.451699,0.4436788,0.004298447802534211,10.0,13.0,11.7,1.1595018087284057,50.0,54.0,52.2,1.6193277068654826,30.0,30.0,30.0,0.0,5.42,5.47,5.452,0.018737959096740264,0.341533,0.367678,0.3546545,0.008427882892847747,28.360158,40.22702,34.1148066,3.7044192409732646
21,300000,10000,20035178,0.618813,23.26701,16.137942,6.675548622189556,9.379692,14.871536,13.977147200000001,1.639744543000579,0.204792,0.444496,0.3411291,0.09363050369220255,0.097844,0.129609,0.1091159,0.008528177862565694,0.198491,0.211177,0.2042854,0.004010409267006161,0.65699,0.669413,0.6638814,0.004309803919231393,11.0,12.0,11.7,0.48304589153964794,55.0,58.0,56.2,1.1352924243950935,30.0,30.0,30.0,0.0,5.46,5.5,5.478,0.01316561177208776,0.355964,0.39342,0.3802265,0.011365109211480937,11.094005,25.030549,22.4538731,4.275033348569406
18,1000,10000,20035178,0.340217,27.786959,18.5235028,7.766232251150916,5.747395,11.079951,9.8689122,1.9350758057200987,0.004371,0.007462,0.0056853,0.0009701687195763655,0.101921,0.158579,0.1249759,0.017995279507260906,0.042436,0.047513,0.0453373,0.001723304774102493,0.011893,0.016807,0.0133423,0.0014181831922099012,0.0,0.0,0.0,0.0,3.0,3.0,3.0,0.0,0.1,0.1,0.1,0.0,0.32,0.32,0.32,0.0,0.257782,0.309695,0.2776781,0.013656354942744503,6.479772,27.507578,17.1858513,5.601270222031766
22,100000000,100,20035178,44.348119,83.930751,71.2570279,10.205462244634669,7.864366,14.151245,12.0950902,1.9971468221027384,100.521466,116.407145,106.8602717,4.970684752153257,0.012328,0.033305,0.0228131,0.008097875337944446,10.269484,14.702557,13.1159749,1.1791146951768,899.62427,902.357448,900.7697671999999,0.8109674784860063,997335.0,998282.0,997963.5,290.19658088191795,1002571.0,1003634.0,1003257.5,317.0023659217704,1000000.0,1000000.0,1000000.0,0.0,999.03,1066.92,1043.239,20.43364026414395,33.447738,44.761127,38.2959017,4.786529588739959,1055.252388,1093.015746,1078.450444,13.124430950042475
5,1000,100,20035178,0.111072,0.123196,0.1193823,0.0032678171120455583,0.056971,0.101468,0.0922806,0.013155306130142992,0.004254,0.006529,0.0056171,0.0007563228954766756,0.003244,0.006366,0.0053058,0.0009909269285763597,0.004021,0.007373,0.0066552,0.0009764388585285022,0.010902,0.012778,0.0119428,0.0005917452154432682,1.0,4.0,2.9,0.9944289260117531,18.0,23.0,19.5,1.4337208778404378,10.0,10.0,10.0,0.0,3.13,3.65,3.4050000000000002,0.16807736313971608,0.010607,0.016598,0.0138441,0.0017495204708084379,0.105269,0.171126,0.1574805,0.019213082916769673
15,1000,1000000,20035178,0.301665,0.318846,0.3091087,0.005538492936811522,482.74757,595.019906,575.0044755,32.922352826125476,0.014657,0.018139,0.0163729,0.0010578708648349598,11.372333,11.784343,11.6007068,0.15141358552198084,3.234291,4.284511,4.0743782,0.30114548530008256,0.70582,0.746459,0.7194539,0.013409204346683324,0.0,0.0,0.0,0.0,1.0,1.0,1.0,0.0,0.0,0.0,0.0,0.0,0.03,0.03,0.03,0.0,25.862139,30.797663,29.7618333,1.4079774272066101,525.149781,643.589918,622.5857396,34.71949822632783
1,300000,10000,20035178,2.677749,2.833135,2.8020382,0.04580965164145121,0.8829,1.104899,1.0043778,0.08697563273673585,3.585075,3.757359,3.6336522,0.04816607433038327,0.059217,0.064422,0.060615499999999996,0.0017538972635565363,0.137896,0.172458,0.1462828,0.009587833769939902,13.32581,13.389756,13.3578506,0.019730709162228483,11.0,12.0,11.4,0.5163977794943223,50.0,57.0,52.6,1.9550504398153574,30.0,30.0,30.0,0.0,5.43,5.55,5.479,0.034785054261852126,0.261251,0.271503,0.2643321,0.0036338546552600994,18.363861,18.773124,18.5197603,0.13155941088771322
12,300000,1000000,20035178,0.494169,0.875596,0.5576842,0.11248789869018505,315.904811,471.109054,448.5582722,46.82379134675155,1.874292,2.030159,1.9603566,0.060625160231999,10.330188,11.944806,11.5346343,0.4448257971730931,7.350035,8.739228,8.4364144,0.4050148704974232,0.978068,1.020638,0.9904362,0.012271521908693921,0.0,0.0,0.0,0.0,60.0,76.0,67.7,4.83160888777687,0.3,0.3,0.3,0.0,0.55,0.55,0.55,0.0,23.898126,27.339205,25.6528436,0.8218439138106453,361.541324,522.073545,498.4616386,48.33772979655026
3,1000,10000,20035178,0.064659,0.080514,0.0719658,0.005045700673730944,0.82758,1.062718,0.9930269,0.06325985773590286,0.006954,0.008482,0.0075463,0.00053516208344347,0.072509,0.085056,0.07920920000000001,0.003312043605456372,0.040772,0.056809,0.0539214,0.004732269063450311,0.036737,0.040579,0.0381308,0.0010397353081968074,0.0,0.0,0.0,0.0,2.0,3.0,2.7,0.48304589153964794,0.1,0.1,0.1,0.0,0.31,0.32,0.316,0.005163977794943227,0.237685,0.256983,0.2492997,0.005183054505898151,1.337688,1.622479,1.5457009,0.07841582233969821
8,300000,10000,20035178,0.537579,0.907292,0.5901888,0.11192650051489643,2.411219,4.120169,3.8453032,0.5099110659111274,0.47966,0.516612,0.48926369999999997,0.011724341697226894,0.074589,0.085245,0.0819023,0.003063334387014689,0.157996,0.171811,0.1647659,0.003787755490466029,1.693954,1.723161,1.7079358,0.009434957761196159,11.0,13.0,11.9,0.7378647873726218,51.0,55.0,53.0,1.3333333333333333,30.0,30.0,30.0,0.0,5.47,5.54,5.502,0.02149935399546279,0.256981,0.32217,0.3057035,0.018648753078661557,5.244937,7.109938,6.8308641,0.5632274939878891
23,1000,10000,20035178,4.214369,28.634052,21.315172,7.560493951636978,7.413306,16.203113,12.3896145,2.114636101228202,0.004877,0.008547,0.006515,0.0010940819591480947,0.124963,0.177825,0.1508396,0.01824809912901128,0.044892,0.054691,0.0507756,0.0034310816629421364,0.012025,0.016748,0.0138712,0.0016636165289980606,0.0,0.0,0.0,0.0,2.0,2.0,2.0,0.0,0.1,0.1,0.1,0.0,0.32,0.32,0.32,0.0,0.271069,0.308874,0.2795244,0.011021275477709256,8.129066,28.921296,19.8602251,5.459574198120571
11,100000000,100,20035178,79.756572,80.119831,79.9341426,0.11103628900419012,3.425368,6.302819,5.5218111,0.9876579070010301,144.316878,172.004993,155.141248,8.908370180519519,0.005134,0.010206,0.0082593,0.0015455040206281503,10.486773,12.486608,11.884618399999999,0.5908733077665073,1778.368594,1788.883143,1784.9941723,2.818296889075705,997197.0,997880.0,997504.2,192.31155278176433,1002086.0,1003695.0,1002799.3,445.6628147427654,1000000.0,1000000.0,1000000.0,0.0,1003.45,1154.75,1077.183,59.7228956747559,24.740141,30.052861,27.284393,1.304634111500828,1968.473832,2002.394619,1984.8926292,10.66786577580957
28,100000000,10000,20035178,55.060816,75.101237,67.1981918,6.522294986430854,292.528058,302.078744,298.55330779999997,3.1707430244571273,178.533687,184.035469,180.1620575,1.7134220774511983,0.145288,8.147641,0.9602040000000001,2.5254486064988315,11.652438,20.567129,13.2506413,2.6490445074323627,422.199077,426.494042,423.2723617,1.2754280368907966,9466.0,9547.0,9518.5,29.338067799741385,10434.0,10487.0,10455.9,15.198318620455648,10000.0,10000.0,10000.0,0.0,103.63,106.81,104.293,0.9304843422170589,3.749087,5.645857,4.7197307,0.5656021331668579,914.449038,935.722118,927.2343106,6.045495270740293
21,100000000,10000,20035178,42.738628,81.529008,72.6915148,11.275434696997213,280.273982,306.99328,301.0259765,7.822274554361077,202.161548,212.141634,209.1900577,2.8094892816332306,0.117242,0.174223,0.1379848,0.016715190408727026,10.34972,14.549426,13.6226242,1.2177189983629046,563.024172,564.313667,563.6084573,0.4250026163914392,9455.0,9633.0,9557.2,61.27859876552879,10382.0,10430.0,10402.6,14.893697399310295,10000.0,10000.0,10000.0,0.0,101.85,106.51,104.924,2.01252301574141,12.244205,15.231382,13.4425217,1.0247108643181095,1070.212517,1115.121593,1104.8851814,13.52389774936217
26,100000000,1000000,20035178,48.216278,78.923748,73.7755614,9.738565905428331,1284.452332,1316.380526,1296.7281614,11.374715644034913,324.665631,475.425294,371.236349,50.87824370721562,12.926558,23.437444,15.1966282,4.298492124136422,62.75486,66.32459,63.9686545,1.0313799375571489,231.723437,232.570722,232.15764810000002,0.262220337885886,52.0,56.0,53.7,1.4944341180973262,22680.0,22774.0,22710.1,25.07078866817804,100.0,100.0,100.0,0.0,24.88,24.96,24.902,0.022010098692292555,46.91223,54.611649,50.7536518,2.7389315944054538,1985.01433,2139.991839,2038.9456824,53.17755699948761
26,1000,100,20035178,12.186281,12.419851,12.381893,0.06978530550194662,8.360691,12.552833,8.8550504,1.3007653778575647,5.590048,8.069995,7.8103651,0.7801640570732471,12.063572,12.101247,12.0901831,0.011941828749307024,8.039029,8.077988,8.0629572,0.010266177951571597,8.04848,8.069107,8.0579018,0.005871904286989008,3.0,4.0,3.2,0.4216370213557839,31.0,34.0,32.1,0.8755950357709131,10.0,10.0,10.0,0.0,3.52,3.96,3.654,0.13696714934611146,12.073727,16.11858,12.4942316,1.2735155836072403,66.47763,78.861024,70.4599731,4.048237330360338
4,1000,10000,20035178,0.077037,0.095325,0.0898735,0.005067595819408736,0.958684,1.41283,1.2836938,0.12088966850424675,0.005716,0.007414,0.0064775,0.0005579685873276778,0.073098,0.085658,0.0791773,0.0030995532670943984,0.036697,0.049735,0.0467388,0.003616175260010376,0.028029,0.030479,0.029322,0.0007609311547191519,0.0,0.0,0.0,0.0,2.0,3.0,2.8,0.4216370213557839,0.1,0.1,0.1,0.0,0.31,0.32,0.316,0.005163977794943227,0.236188,0.250913,0.2449596,0.004014096084771483,1.468918,1.982639,1.8369536,0.1363572939345584
3,100000000,100,20035178,289.273324,290.873096,290.1120835,0.4122613929013228,6.104142,10.644808,8.9704737,1.600473468066042,497.188564,579.422994,519.6969368,22.827503592769144,0.003023,0.010886,0.0070571,0.0023028594037268826,26.643035,30.047905,29.1032111,1.0161499248432726,6037.287538,6056.68804,6042.788432,5.493214874520044,996751.0,997761.0,997314.4,375.9811460994051,1001953.0,1003175.0,1002461.4,417.37784640139523,1000000.0,1000000.0,1000000.0,0.0,903.75,1282.44,1018.938,120.94047119692125,20.451566,21.756665,21.1937764,0.40468787550907054,6593.942992,6677.367193,6621.7989831,21.917597202029274
8,100000000,1000000,20035178,109.449591,110.170569,109.9308228,0.19473408096615666,362.966399,584.150788,556.2079703,68.03062507347413,831.756028,910.503085,862.6890639000001,23.853045563472715,8.33221,10.492136,10.0924588,0.6302387444718954,19.610789,22.840586,22.3470656,0.964103673545445,741.610014,755.688165,747.0224665,4.272842028236651,49.0,58.0,54.3,2.7100635498903793,22672.0,22816.0,22765.7,45.80405125216667,100.0,100.0,100.0,0.0,24.72,25.43,24.987000000000002,0.25245681698945,46.05422,54.288131,51.6030847,2.1024064171292984,2024.677694,2326.953596,2251.0653651000002,83.77962048397309
24,1000,10000,20035178,12.156228,28.666369,21.8859697,6.118824606175766,12.364784,13.39192,12.809848800000001,0.3243831401889508,0.004807,0.00808,0.0064715,0.0012452765199388895,0.124752,0.161328,0.14223170000000002,0.010990875367523936,0.045846,0.055986,0.0502311,0.002764434097202858,0.012242,0.015529,0.0140604,0.0010260147497315364,0.0,0.0,0.0,0.0,2.0,2.0,2.0,0.0,0.1,0.1,0.1,0.0,0.32,0.32,0.32,0.0,0.268409,0.314178,0.2829154,0.01296790922238431,17.352267,22.775464,20.0299597,2.1711309024735397
23,100000000,100,20035178,39.723626,74.42105,67.7558473,10.125062742225474,8.631704,14.181461,12.9801944,1.605170319881227,96.973921,107.139738,102.2181374,3.3448818877343265,0.012876,0.029687,0.0210827,0.006719904348690951,10.114677,13.795067,12.9887123,1.098109376258531,900.293569,902.158456,901.3059685000001,0.6117179221615031,997035.0,998199.0,997894.6,330.74199410819705,1002381.0,1003712.0,1003185.7,383.081961059104,1000000.0,1000000.0,1000000.0,0.0,1011.94,1072.23,1039.799,18.925509210821463,33.42227,45.194235,38.649573000000004,5.184555230746029,1058.038033,1089.538093,1075.4548981,10.566163822619206
30,300000,1000000,20035178,18.723946,31.465763,27.6205694,3.723132296565657,1124.634955,1186.160235,1151.0170324,17.928177456988575,1.014453,9.80411,4.1001838,4.110357160413862,19.964676,32.234402,23.8447557,4.74867456933778,12.982695,28.40694,16.203454699999998,6.086571642923517,0.409794,8.844716,2.0988708000000003,3.5491837510584445,0.0,0.0,0.0,0.0,65.0,71.0,67.3,1.8287822299126937,0.3,0.3,0.3,0.0,0.55,0.55,0.55,0.0,40.006058,50.09762,42.2304249,3.4973846761658423,1224.41018,1325.209504,1256.2717365,28.829485907105482
29,1000,100,20035178,12.150514,20.248119,14.4989403,3.271732571894763,4.536427,8.678042,8.1677557,1.2778548579785363,0.005084,8.073713,7.2520165,2.5463396345379663,0.022044,12.11778,10.898537,3.8216176580878822,0.018737,8.076035,7.2641589,2.545788180856218,0.009633,8.077015,7.2629173,2.548546850278804,2.0,3.0,2.4,0.5163977794943223,34.0,37.0,35.8,0.7888106377466154,10.0,10.0,10.0,0.0,3.77,4.18,4.04,0.12719189352225935,0.023576,20.00441,11.687638,4.791426009690318,10.974329,80.087782,64.4015131,19.272980912990523
25,100000000,100,20035178,68.258879,82.335121,78.7953028,4.15144979410232,10.458871,14.523148,13.6831048,1.2298086149772158,88.307353,100.451568,96.01605839999999,3.459126013582593,0.015353,0.032614,0.0273052,0.006071026378536736,9.304056,11.634206,11.0043486,0.629583856427085,723.203487,725.890298,724.3654577,0.8588145531990375,996870.0,997942.0,997466.5,315.5542742540497,1002493.0,1003377.0,1003004.2,231.92565858721002,1000000.0,1000000.0,1000000.0,0.0,945.03,1082.56,1003.201,45.74333842211346,34.649166,36.871102,35.862712,0.7094183312803992,877.638422,894.186659,888.2423617,5.220404147622771
28,100000000,1000000,20035178,44.283044,79.135372,64.6895967,8.746766905092407,1370.562182,1414.407952,1385.3598661,13.476146054220935,314.389828,429.318623,354.6833651,39.579574877788126,14.329217,26.636268,17.0433695,4.9593123288640255,62.554063,102.283113,72.4163437,14.633073030713875,215.175527,329.396841,227.2401136,35.897077607257906,50.0,57.0,53.9,2.183269719175042,22646.0,22751.0,22700.0,25.96150997149434,100.0,100.0,100.0,0.0,24.82,25.02,24.88,0.05206833117271083,45.783325,54.738313,50.5873622,3.7025539094118027,2038.215634,2214.223052,2116.3756641,60.95513347789379
6,100000000,100,20035178,145.243057,146.161577,145.5573786,0.3437194836326692,4.618421,7.89358,6.2315583,0.8421175541498613,285.085648,326.708819,310.0195331,13.797570028649016,0.003754,0.007036,0.006006,0.0009323413776318438,14.5435,16.741392,16.2976192,0.6611739848951849,3024.608229,3031.795112,3026.7575094999997,2.232620784761381,996905.0,998023.0,997467.7,398.55016413662827,1001729.0,1002616.0,1002185.5,316.2426108051995,1000000.0,1000000.0,1000000.0,0.0,855.62,1010.19,931.647,54.45386100993106,22.00187,24.598138,23.4187781,0.673806884056791,3354.307831,3397.520364,3382.7830812,14.508847627994507
5,100000000,10000,20035178,174.332408,175.581179,175.186913,0.342993265786827,86.701083,151.325408,143.2420286,19.892570153237696,395.488096,416.078383,412.1205876,5.97431169121004,0.073451,0.089601,0.0839279,0.0048204935535689705,18.406236,20.460868,20.1797387,0.6253849339700133,2342.452759,2364.623403,2354.7082987,7.936131033928457,9541.0,9635.0,9600.5,33.059710289783915,10342.0,10490.0,10397.6,42.4531113897046,10000.0,10000.0,10000.0,0.0,98.32,112.08,104.41799999999999,6.382545295134575,27.171609,30.834485,29.0860472,1.3459914007089344,2885.289172,2980.754497,2959.5759494,27.849363668740974
18,300000,100,20035178,0.593544,12.729261,11.4195381,3.8042305820968565,0.458386,12.659553,7.7075413,3.708737610580124,0.332718,12.502874,6.4964319,4.349555055298477,0.012692,12.070744,8.4485613,5.820875802491944,0.032568,8.084158,5.6665335,3.885617523422507,1.871697,11.776026,8.5914457,4.6320257897110215,2838.0,2875.0,2860.4,10.52193476082755,3132.0,3174.0,3157.1,13.892044086054755,3000.0,3000.0,3000.0,0.0,55.67,59.81,57.333,1.2039015279037106,0.028434,12.0947,8.4680343,5.82253916373902,2.880846,80.620761,55.836529399999996,31.27031245278685
20,1000,1000000,20035178,0.405203,31.956089,21.530193399999998,9.334765361761676,697.020566,805.74773,780.2731255,30.07309107932589,0.01525,8.058726,1.2250034,2.714281763287224,11.638468,23.897127,14.1757374,5.0824665159812845,3.902999,15.007765,6.5454229,4.437349881783231,0.538624,9.080165,2.2549893,3.5941332713644774,0.0,0.0,0.0,0.0,1.0,1.0,1.0,0.0,0.0,0.0,0.0,0.0,0.03,0.03,0.03,0.0,28.946952,53.955064,33.6320504,7.353319063592972,743.7031,929.432005,846.9667403,46.465078117907744
18,100000000,1000000,20035178,49.202776,100.008136,83.9902416,18.813933185528438,967.136331,1153.532817,1122.1527022999999,55.20630650051887,449.388767,671.595254,536.1036486,83.4485687417488,10.99106,23.548234,12.9059534,3.977784029185044,26.859622,47.894559,34.9766457,5.361440813445912,332.955768,335.530141,334.03069519999997,0.9301553613141789,52.0,56.0,54.7,1.7029386365926402,22669.0,22788.0,22715.6,38.17561758213975,100.0,100.0,100.0,0.0,24.79,25.06,24.916999999999998,0.11566714697306613,38.962368,47.359615,45.3775556,2.5322470569945588,1833.119555,2240.042396,2092.3591054,121.25583490964698
7,100000000,1000000,20035178,125.087164,125.327553,125.1902584,0.07864212125431076,371.443155,587.440235,560.7046675,66.71171774933822,954.286743,1053.84589,1015.1205738,27.94467012054577,8.271334,9.631701,9.3631996,0.38829674823178456,21.349982,25.144772,24.6481861,1.1617435138433043,848.995314,859.211986,853.4883927,3.448355330399116,48.0,56.0,53.7,2.2135943621178655,22713.0,22911.0,22782.4,57.227033238962626,100.0,100.0,100.0,0.0,24.68,25.58,24.986,0.2749626237226511,49.129538,55.378505,54.4901151,1.8927755571324039,2296.402482,2584.071266,2518.8215685,83.17183941785396
14,300000,100,20035178,0.530381,0.885306,0.599856,0.1019540191295403,0.377534,0.556518,0.45253489999999996,0.06221259383124217,0.427701,0.781858,0.5541618,0.10496919870006313,0.008891,0.011302,0.0100215,0.0006176167905748676,0.031702,0.039161,0.0346267,0.002062012988966526,2.477723,2.513779,2.4932255,0.01366144684260541,2826.0,2896.0,2859.7,20.26518634944613,3121.0,3187.0,3148.7,22.544030991225444,3000.0,3000.0,3000.0,0.0,56.91,61.71,58.986000000000004,1.7174153707113364,0.023056,0.02773,0.0254807,0.0014910697911976565,3.453202,3.751619,3.598459,0.0959943867895988
7,1000,100,20035178,0.153177,0.174637,0.1618558,0.0067487800510742475,0.079679,0.154703,0.1266653,0.01947321888617516,0.004313,0.015661,0.0071793000000000004,0.0031327757677674785,0.003308,0.007572,0.0065575,0.0012247138668095316,0.004579,0.008835,0.0076178,0.0012167559601936073,0.009362,0.011262,0.0103622,0.0006212274230192282,2.0,4.0,3.0,0.6666666666666666,18.0,20.0,19.7,0.6749485577105528,10.0,10.0,10.0,0.0,2.78,3.48,3.18,0.2047763007121023,0.009225,0.017653,0.0148824,0.002442750644480748,0.126638,0.223335,0.1961618,0.025638884265895816
27,100000000,10000,20035178,48.017603,85.357167,76.0637177,10.399541222863633,292.858325,302.572802,296.1047743,3.3123074252806632,190.557988,200.548966,194.4074816,3.2994499693523767,0.152998,12.242493,1.3848226,3.815047923652167,11.42554,20.691763,13.6662377,2.5464893503437263,437.931489,663.316125,461.03390509999997,71.07616556217681,9468.0,9558.0,9521.7,30.287694604318176,10430.0,10507.0,10449.9,23.43525359604865,10000.0,10000.0,10000.0,0.0,104.18,105.26,104.527,0.35122167738718185,11.126463,19.849892,12.654925200000001,2.5711078342945135,953.09403,1219.700763,985.1389024,82.6181223079488
20,100000000,1000000,20035178,44.83574,90.978841,77.4095326,12.319808525393091,1135.115097,1291.701583,1246.6758873,42.466595310519686,408.00852,614.988593,471.7202271,83.20346971696411,11.366121,23.627972,13.2195673,3.912206953503498,64.36965,101.366995,68.9403245,11.4732847985138,300.307451,375.779849,308.8310562,23.5404679275484,51.0,57.0,53.5,2.1213203435596424,22675.0,22748.0,22703.2,21.09133576719228,100.0,100.0,100.0,0.0,24.79,25.0,24.912,0.08929352346801726,38.691111,48.001314,45.5561432,2.5573160645917996,1969.547872,2462.582915,2163.4802381,138.8858594841103
5,1000,1000000,20035178,0.102676,0.119282,0.1087657,0.004960939831434271,107.2643,157.769483,149.3940933,14.93280755314367,0.021776,0.026417,0.0235548,0.001339309424044098,8.453618,9.878025,9.6104994,0.4160604099775788,2.697837,2.906331,2.8555892,0.06019844757835914,2.039084,2.15883,2.0893739,0.03240581017331444,0.0,0.0,0.0,0.0,1.0,2.0,1.5,0.5270462766947299,0.0,0.0,0.0,0.0,0.03,0.03,0.03,0.0,22.400631,27.501511,23.9687899,1.3138796223245324,143.748341,197.225014,188.8016724,15.946842680684759
4,1000,1000000,20035178,0.076397,0.097167,0.0873982,0.005428594186752629,92.597702,119.30379,114.568293,7.8801059932595106,0.024181,0.028625,0.0261914,0.001467193329683129,8.511231,10.135261,9.8914019,0.4910862068110851,2.772745,2.953489,2.8895479,0.0479594568671173,2.543997,2.663961,2.5871943,0.03287374680011054,0.0,0.0,0.0,0.0,1.0,2.0,1.4,0.5163977794943223,0.0,0.0,0.0,0.0,0.03,0.03,0.03,0.0,22.28029,25.640097,23.8499663,0.7953570753690237,129.49707,159.634247,154.7309932,8.996995179911401
21,300000,1000000,20035178,0.633065,18.388465,14.2226345,5.0176361128537685,754.379667,843.755121,816.840205,24.3295433020849,1.214334,10.184684,2.1646171,2.8182381426206478,11.378671,24.25659,13.083459600000001,3.930529525227024,9.802611,25.414649,11.5400958,4.877834767518469,0.569314,9.1385,1.4373544,2.705935770276901,0.0,0.0,0.0,0.0,65.0,78.0,70.6,4.5995168828427575,0.3,0.3,0.3,0.0,0.55,0.55,0.55,0.0,29.153855,53.018072,33.1410857,7.015728122882423,808.784419,958.260708,887.2310761,36.88334250783331
17,100000000,1000000,20035178,52.321434,110.659677,83.1479127,20.526969939305626,932.875691,1086.326812,1060.5010902,45.53105790259776,463.943041,665.266615,545.2621963,86.39509044291681,11.449314,24.240402,13.2600184,4.073645935586946,24.425677,46.711483,32.7963142,5.496385747807045,352.38021,355.770564,353.78671049999997,1.2525921915928542,50.0,56.0,53.5,2.173067468400883,22635.0,22760.0,22700.0,41.83300132670378,100.0,100.0,100.0,0.0,24.77,25.09,24.899,0.12160500720684876,34.775558,45.778403,44.2669349,3.357658595497281,1830.47496,2195.115238,2056.2931745,117.13141081890372
30,1000,10000,20035178,24.709417,35.565228,29.7431896,2.88137439184988,14.590684,20.021637,18.4538647,1.4636681179500928,0.006853,0.011961,0.0087696,0.0015471548223899392,0.175082,0.238448,0.213947,0.01903112732691717,0.048084,0.05725,0.0534925,0.0027853682082546205,0.015217,0.019982,0.0175723,0.0018365974003877689,0.0,0.0,0.0,0.0,2.0,3.0,2.2,0.4216370213557839,0.1,0.1,0.1,0.0,0.32,0.32,0.32,0.0,0.277197,0.33868,0.2995221,0.017385368423220447,25.35913,36.794357,32.5031911,3.323990720531219
18,1000,1000000,20035178,0.349528,26.130939,15.930682899999999,9.63463627522847,498.086115,727.724849,682.1852166,73.49029898961837,0.011909,4.047722,0.419665,1.2747726601604958,9.525778,23.571248,12.477434800000001,3.947470376528628,3.713642,14.747848,5.3165072,3.3212665051284875,0.592558,9.183277,1.4599017,2.7137268815185616,0.0,0.0,0.0,0.0,1.0,1.0,1.0,0.0,0.0,0.0,0.0,0.0,0.03,0.03,0.03,0.0,29.175622,53.195732,32.7939341,7.186829218676565,544.124341,827.158355,741.8405141,82.10201592834265
5,1000,10000,20035178,0.098398,0.1198,0.1129614,0.00652869381525381,1.105829,1.767941,1.6493433,0.19287525890473012,0.004964,0.008249,0.0063738,0.0009184284645221121,0.076229,0.088603,0.0831361,0.003682831472597619,0.035441,0.047168,0.0443591,0.0033467415479670505,0.023458,0.025374,0.0246004,0.0005642340333978841,0.0,0.0,0.0,0.0,2.0,4.0,3.0,0.4714045207910317,0.1,0.1,0.1,0.0,0.32,0.32,0.32,0.0,0.236134,0.257382,0.2493024,0.005735672549928207,1.611232,2.344327,2.2151129,0.21377302713727317
15,100000000,1000000,20035178,58.986711,62.762834,59.4738344,1.1577822744787358,768.216975,950.977091,922.8994627,54.86589422115926,502.160531,564.879015,540.4604049,18.400323184449828,11.253805,11.747398,11.4041037,0.1308065136910664,22.986996,30.351589,29.1381536,2.30332661732003,397.764661,402.386547,400.0672211,1.182914018638667,51.0,59.0,54.3,2.4517567397911058,22587.0,22717.0,22640.9,41.186432501762305,100.0,100.0,100.0,0.0,24.65,25.1,24.83,0.11450376024878511,40.252015,55.87125,51.504196300000004,6.108887369933781,1780.063914,2003.458677,1956.9204227,66.00258173018389
16,1000,1000000,20035178,0.317851,0.35605,0.3378526,0.010819611198600847,510.563697,627.366417,611.8133745,35.63433301915815,0.012561,0.022848,0.017823,0.0028852892402669093,11.363109,11.657974,11.5214568,0.10728080916692914,3.448644,4.382341,4.1071384,0.25801088664335264,0.665338,0.706456,0.6875697,0.013109794091526458,0.0,0.0,0.0,0.0,1.0,1.0,1.0,0.0,0.0,0.0,0.0,0.0,0.03,0.03,0.03,0.0,26.029344,31.657957,29.8053067,1.4269256201828582,553.705191,675.625458,659.4762477,37.218218440437234
24,100000000,10000,20035178,56.041787,86.968474,76.2625749,8.615359000696069,283.21374,304.71259,298.5860196,6.337453689670053,195.297746,211.970923,200.6609976,5.222334145276552,0.133808,8.180568,1.7511059,3.380369254864308,11.322254,26.625271,15.5483144,4.67711814152215,491.850044,755.461273,530.8752988,87.0997691919958,9452.0,9578.0,9506.0,39.12373533632323,10390.0,10454.0,10419.9,19.0114000887187,10000.0,10000.0,10000.0,0.0,105.2,106.26,105.657,0.3834651947120564,8.447109,21.238123,13.652803500000001,3.2266636120490797,996.138681,1311.436864,1068.9832422,96.32175447165085
20,300000,100,20035178,0.611888,16.599106,11.3535214,5.041015684839034,0.462589,12.691913,6.9593869999999995,3.9268710717027053,0.291473,8.486625,5.6029333,3.857626127015855,0.012718,12.11066,7.2557294,6.231587995286598,0.029971,8.093886,4.8641415,4.158398829534946,1.580463,11.14126,7.3129612,4.926815675382197,2834.0,2874.0,2849.5,12.712635883683253,3122.0,3164.0,3144.8,13.489090241953145,3000.0,3000.0,3000.0,0.0,54.59,59.66,56.735,1.515088922949555,0.029261,12.121238,7.2702716999999994,6.23107621462009,2.535832,76.653273,48.1361704,33.774330378784
11,300000,1000000,20035178,0.469997,0.541912,0.5152589,0.01871510574345998,281.661316,427.517791,407.6615709,44.38764748456681,2.099847,2.247896,2.1528048,0.052568747041479943,10.222691,11.872537,11.5552482,0.47967072680625883,6.620423,8.034897,7.518229900000001,0.38969914990340115,1.050095,1.091501,1.0719783999999999,0.010892187589685064,0.0,0.0,0.0,0.0,58.0,78.0,66.6,5.561774297230456,0.3,0.3,0.3,0.0,0.55,0.55,0.55,0.0,23.788649,26.081357,25.6603314,0.6699678137748609,326.489822,477.523753,456.8403946,45.92093518891249
1,100000000,100,20035178,867.045005,868.385089,867.7309472,0.47900652940548283,0.288971,0.630694,0.3597505,0.14013889630906268,1319.555728,1340.561072,1330.0618897,7.146046310618069,0.001366,0.001767,0.0014692,0.00011984508519102667,68.962577,75.570836,74.671748,2.0186201408589883,17747.24295,17859.127175,17772.1729743,35.785680420181386,997160.0,998228.0,997636.1,302.2748749069297,1002024.0,1003027.0,1002427.1,317.2298325609788,1000000.0,1000000.0,1000000.0,0.0,797.2,1118.71,973.146,86.27692651508217,12.883206,13.791483,13.2013859,0.3142158307106935,19157.72824,19285.199846,19190.4958371,38.761110140700765
9,300000,1000000,20035178,0.517353,0.546313,0.5326939,0.00905713195283757,223.778543,347.580578,331.76604580000003,38.04941903545317,2.40824,2.579883,2.5022368999999998,0.048885372071248885,10.017681,11.383644,11.1158951,0.39588528406161366,5.706661,6.558416,6.4148809,0.25218704061621927,1.306479,1.336442,1.3129496999999999,0.008707935436523763,0.0,0.0,0.0,0.0,66.0,79.0,70.7,3.5605867181937554,0.3,0.3,0.3,0.0,0.55,0.55,0.55,0.0,22.888446,27.769878,24.7204385,1.1998104198133643,267.055352,395.563783,378.9499137,39.44906861539878
22,100000000,10000,20035178,44.35432,77.136358,68.4433745,10.411266717403585,284.36112,306.380497,300.275179,6.662672245355317,199.448553,221.763097,207.6706963,5.615722945607425,0.122588,8.15618,0.9389767000000001,2.5358998938800164,11.167174,21.303014,14.3286629,2.6435407474405928,535.905214,817.662493,565.4079865,88.63577521636017,9483.0,9634.0,9554.1,58.33895211034677,10364.0,10425.0,10393.7,18.90943327195891,10000.0,10000.0,10000.0,0.0,101.75,106.46,105.144,1.747946096295749,10.475387,19.564394,12.8248895,2.916661724333765,1043.240681,1374.938056,1108.4718498,94.57901558909809
22,100000000,1000000,20035178,44.4618,82.866407,72.45602889999999,10.632687476686058,1062.085293,1137.714656,1112.2163110000001,21.353164363111926,355.278308,524.821018,410.9892248,60.89729616177444,11.718845,24.159827,14.248979,4.8345830237746235,61.835392,98.190641,67.1335256,10.95822577093623,272.895922,274.531021,273.9460402,0.5259044287470308,52.0,56.0,54.3,1.4181364924121764,22695.0,22818.0,22749.0,35.349053106915825,100.0,100.0,100.0,0.0,24.84,25.02,24.959,0.05743595467030119,41.752222,45.238625,43.7711757,1.0334325950114067,1868.472089,2095.674835,1930.5875887,82.90662668504531
24,1000,100,20035178,2.575954,16.755221,12.2161481,3.8162942820387786,0.369405,12.53527,8.4888972,3.3112388826137367,0.00466,8.067081,7.244348,2.543815629862397,0.015278,12.094832,10.8790734,3.8171544564482467,0.011816,8.072499,7.2524519,2.5441114917157424,0.00778,8.068534,7.253811300000001,2.54600317465199,3.0,4.0,3.1,0.31622776601683794,28.0,30.0,29.5,0.7071067811865476,10.0,10.0,10.0,0.0,3.32,3.52,3.418,0.06762642481555071,0.02095,12.116172,10.8865157,3.8177863036283517,0.466496,72.99722,63.3009467,22.158658424670204
28,300000,10000,20035178,20.466368,33.68933,26.6008337,4.157991918951371,16.969624,22.220713,19.6713542,2.2325170750599868,0.326472,0.499915,0.3938199,0.06322353951997099,0.128276,0.16333,0.1429002,0.012770239524422054,0.264892,0.300915,0.2805089,0.013212062421640816,0.504364,0.515825,0.5082757,0.003374006950200302,10.0,13.0,11.7,0.8232726023485646,52.0,55.0,53.2,1.1352924243950935,30.0,30.0,30.0,0.0,5.45,5.49,5.464,0.0157762127549323,0.387077,0.433764,0.4030502,0.01655421454091575,22.94964,39.763802,32.1744038,5.933407235468276
6,100000000,10000,20035178,145.718396,146.658772,146.2421118,0.2758554536720635,106.75643,177.418724,167.6340665,21.489652333103606,332.307425,355.928775,351.40889649999997,6.796123530232112,0.074459,0.089827,0.0834538,0.004346793679125902,15.95204,18.243632,17.925574,0.6979251765236412,1960.193646,1968.520266,1963.427596,2.5374242558810196,9577.0,9649.0,9608.7,20.548317043819754,10338.0,10427.0,10384.3,24.44517675670738,10000.0,10000.0,10000.0,0.0,98.7,109.27,104.085,4.832828134516866,25.666794,30.250288,27.7672722,1.4327670318505148,2444.828096,2544.283897,2528.4337913,29.692757716839555
28,300000,100,20035178,12.378553,17.032979,13.9049532,2.009811077381476,0.74839,16.615948,9.9530895,4.208449938007744,0.286534,9.320425,7.7357985,2.6422981854379155,0.01556,12.117885,10.8980532,3.8237232555828737,0.037157,8.108361,7.2931485,2.549504740826616,1.269875,10.553797,8.5902706,3.8611409581429914,2811.0,2845.0,2826.7,12.293177873203586,3110.0,3161.0,3128.0,18.141419765583706,3000.0,3000.0,3000.0,0.0,53.47,59.2,56.763,2.162765975936062,0.027704,12.132208,9.7041855,5.098598087933721,2.428463,79.94084,63.8785679,23.45891743345762
29,1000,1000000,20035178,17.495557,32.910074,28.2375505,4.167883316050093,1115.5711,1148.087993,1129.7637097,10.885959437091023,0.013208,8.082732,1.2255624,2.721413647053482,18.34652,28.10581,20.2357583,3.495617981575188,5.82467,16.558885,7.1559337,3.308353819374761,0.384444,8.771517,1.2314672,2.649308086335365,0.0,0.0,0.0,0.0,1.0,1.0,1.0,0.0,0.0,0.0,0.0,0.0,0.03,0.03,0.03,0.0,37.274489,50.93159,41.211611500000004,3.7478831533902865,1196.581014,1247.873396,1216.4000118,14.181778101691258
27,1000,100,20035178,12.2063,16.469792,13.2091365,1.7182383368265597,8.076715,12.616208,9.286216,1.7312464078384555,8.027677,8.07805,8.0493783,0.016660750883771794,12.079349,12.13007,12.1003846,0.015500967189895515,8.039159,8.083232,8.0641061,0.01174717600532154,8.052643,8.072306,8.0619288,0.006101973028819721,2.0,3.0,2.6,0.5163977794943223,32.0,35.0,33.5,0.97182531580755,10.0,10.0,10.0,0.0,3.64,4.05,3.801,0.1423961609969407,11.214798,12.11323,12.0098321,0.2795764601561321,64.039383,77.049246,69.2759066,4.173546515168398
15,1000,100,20035178,0.316586,0.695724,0.3741301,0.11389736690201013,0.241353,0.380521,0.3078811,0.04573169617441374,0.004609,0.007804,0.0058117,0.0008680503121619417,0.00932,0.015379,0.0108635,0.00177670332982809,0.008284,0.009641,0.0090192,0.0004981498658926738,0.007134,0.009041,0.0080592,0.0006554697721651413,3.0,5.0,4.1,0.5676462121975467,19.0,22.0,20.1,1.1972189997378648,10.0,10.0,10.0,0.0,2.86,3.11,2.988,0.07208020224413607,0.01275,0.019024,0.016311,0.00210130039102774,0.326479,0.460657,0.3882525,0.04582191145256454
31,100000000,10000,20035178,55.938029,73.539629,65.416134,6.838507527200557,288.04899,313.742648,297.9268592,7.123142669576451,171.835792,186.743642,175.54459459999998,4.253309684914722,0.167398,8.366361,1.8073435999999998,3.428215813826558,10.943265,20.599246,13.7142486,3.4870148127199063,381.667814,389.331941,382.6552221,2.3705807341320955,9562.0,9615.0,9586.3,16.330271821919492,10408.0,10471.0,10447.0,20.0,10000.0,10000.0,10000.0,0.0,103.25,107.7,104.711,1.652354885206768,9.408727,11.118611,10.2136177,0.5044553314432969,871.322199,910.858713,889.3611539999999,13.368254432206811
16,1000,10000,20035178,0.306521,0.366033,0.339228,0.01513817223665614,4.792289,6.403435,5.9814416999999995,0.43430288133796147,0.004363,0.00833,0.0058238,0.0013904593006149684,0.079008,0.120391,0.106047,0.015572490459496553,0.0408,0.059695,0.0445845,0.005411521438355185,0.011402,0.014949,0.0134835,0.0011286013221879743,0.0,0.0,0.0,0.0,2.0,3.0,2.9,0.31622776601683794,0.1,0.1,0.1,0.0,0.31,0.32,0.319,0.003162277660168382,0.248521,0.277282,0.2648075,0.009692768704898857,5.510965,7.202068,6.7073881,0.4416657012355361
10,1000,100,20035178,0.207943,0.250704,0.2323083,0.015003849713767907,0.135482,0.269259,0.2235161,0.03736934252223933,0.003831,0.006716,0.0051639,0.0008252176076647903,0.004778,0.008974,0.0076948,0.001164719308102457,0.005061,0.010382,0.0086349,0.0013587948459327234,0.007572,0.009377,0.0088061,0.0005601524494873398,2.0,4.0,3.2,0.6324555320336759,17.0,20.0,18.5,0.97182531580755,10.0,10.0,10.0,0.0,2.92,3.24,3.056,0.1063746001428704,0.011343,0.016794,0.0146874,0.0017741639783915753,0.18488,0.343616,0.2949291,0.04461660853551187
17,300000,10000,20035178,0.56799,16.786129,12.3435598,4.463858519408039,7.471977,12.91319,12.122656,1.6396955659788395,0.245956,0.460955,0.2934149,0.073627024213562,0.089873,0.124374,0.106863,0.008392898651704178,0.173022,0.191276,0.1783144,0.005645208847627636,0.816369,0.830342,0.8223133,0.004371851808253946,11.0,13.0,11.8,0.6324555320336759,55.0,57.0,55.9,0.7378647873726218,30.0,30.0,30.0,0.0,5.49,5.55,5.512,0.018135294011647176,0.351057,0.367123,0.3580866,0.005224129511751744,9.431204,22.959877,20.2457385,4.223291022969784
27,1000,1000000,20035178,19.946412,32.732295,26.8468345,3.9196640887455665,1032.057484,1062.819241,1048.7121355,11.033539263188285,0.010233,0.021498,0.0157205,0.003415058849338389,13.73942,14.239914,14.0134608,0.18508308899566656,5.145396,6.184546,5.6399909,0.3477555599850914,0.409359,0.432954,0.4192324,0.008882345138281652,0.0,0.0,0.0,0.0,1.0,1.0,1.0,0.0,0.0,0.0,0.0,0.0,0.03,0.03,0.03,0.0,34.463216,40.986102,37.7725222,2.7003846994010066,1098.983038,1141.549039,1121.1908288,13.330570093222104
30,100000000,1000000,20035178,57.895746,73.268179,64.9327537,5.2180137777741535,1460.489172,1539.224838,1480.6440347,22.70753667594222,300.507752,459.949966,345.1021142,49.006636931471995,20.031226,30.189726,22.9245192,4.175597343045285,63.734548,102.155141,69.5026331,11.574892283352748,201.095185,205.292762,202.1833019,1.1897538948724258,53.0,56.0,54.3,1.0593499054713802,22661.0,22808.0,22714.5,40.51680035628568,100.0,100.0,100.0,0.0,24.81,25.14,24.901,0.09915756260730844,53.952219,65.082155,59.2204024,4.442201952600164,2113.399784,2290.762447,2189.483479,58.85243185980564
26,1000,10000,20035178,16.187299,33.381706,25.7799266,5.512415177282543,12.84044,18.466893,15.6374983,2.4893842884326083,0.004542,0.009134,0.006908,0.00142274624894564,0.13431,0.19337,0.1529955,0.0195596000768591,0.048595,0.056357,0.0526343,0.002324230245335718,0.011998,0.016208,0.0148836,0.0011683228435097324,0.0,0.0,0.0,0.0,2.0,2.0,2.0,0.0,0.1,0.1,0.1,0.0,0.32,0.32,0.32,0.0,0.275807,0.301711,0.2880108,0.008658534849114672,18.01661,34.708181,27.3266198,5.550536734422574
19,100000000,10000,20035178,46.975574,93.869834,81.3478772,13.83859434139932,275.759139,306.514654,299.0680075,9.184882337068755,204.820496,233.458017,218.0238189,8.169742837696406,0.105746,0.175639,0.1295186,0.024291970146531956,11.268074,14.890384,14.1696804,1.0532483735545843,620.577854,623.01333,622.0333962,0.7700086067960207,9473.0,9637.0,9552.6,56.70822005866717,10390.0,10453.0,10419.8,20.820929640895265,10000.0,10000.0,10000.0,0.0,102.14,108.05,105.13,2.595042281822099,12.410037,15.423914,13.7024286,1.190383204280332,1127.487316,1204.352434,1172.9858005,19.192119193356657
21,100000000,1000000,20035178,42.725507,81.228008,67.5631581,12.720512034477862,979.948599,1072.571026,1051.4236509,26.75965490628296,369.923373,574.380787,428.7948931,86.08549228892325,11.508687,23.85922,15.0724109,5.447570098984122,61.352991,101.251666,70.2065207,15.599701037493118,286.220645,435.408171,301.807331,46.945085846145965,52.0,57.0,54.6,1.6465452046971292,22664.0,22769.0,22715.3,34.864977651888246,100.0,100.0,100.0,0.0,24.82,25.0,24.927,0.06864562784491242,37.746349,48.594529,43.2921507,2.6426319802068563,1763.128339,2190.994745,1914.7777059,142.24179428951078
9,100000000,100,20035178,97.286824,97.660896,97.4915318,0.1058510564559675,4.68353,7.390605,5.6580481,0.9411925107240223,195.321073,248.987404,217.6792089,15.585443511645053,0.004663,0.013952,0.0102136,0.0027121834254587823,11.280004,13.411797,12.7832361,0.5618623578802612,2137.061838,2142.376196,2139.6731789,1.9001725666313636,996953.0,997964.0,997644.8,313.78258573590585,1002124.0,1003504.0,1002731.6,468.6328105362567,1000000.0,1000000.0,1000000.0,0.0,967.01,1167.28,1038.925,73.03048712695265,23.522598,29.744754,26.3127077,1.8081551943330438,2374.845552,2436.412114,2402.16949,17.451065263948113
10,300000,10000,20035178,0.490052,0.824496,0.54741,0.09792412032226222,3.175641,5.207409,4.8485318,0.5953804918738567,0.380067,0.502922,0.4114896,0.03381981962038762,0.083433,0.115167,0.0940245,0.009762234253034043,0.142481,0.160804,0.1569174,0.0053039052111523355,1.366619,1.388622,1.3769396,0.007992213282661814,11.0,13.0,12.0,0.6666666666666666,51.0,54.0,52.7,1.1595018087284057,30.0,30.0,30.0,0.0,5.42,5.54,5.49,0.03527668414752782,0.264196,0.329253,0.3132604,0.01840042657235002,5.569077,7.822334,7.449019,0.6741025927840822
14,1000,100,20035178,0.307404,0.351972,0.3244275,0.015199399880331529,0.24935,0.316473,0.2715397,0.018617828295898413,0.004422,0.006281,0.0052696,0.0005548926222452613,0.008327,0.012046,0.0098934,0.0010431048951194805,0.00845,0.011902,0.0094177,0.001089780920899038,0.007486,0.00886,0.008063,0.00046823355995343456,3.0,5.0,4.1,0.5676462121975467,18.0,21.0,19.1,1.1005049346146119,10.0,10.0,10.0,0.0,2.86,3.28,2.992,0.11811482172492617,0.011503,0.018979,0.0151186,0.0023205250938335294,0.319908,0.398475,0.3482529,0.02115964975266735
19,300000,1000000,20035178,0.566616,15.742977,12.789704,4.432574715912888,671.192263,756.173186,740.7531204,25.349297998882793,1.342097,6.724412,2.9753052,2.5471910933335438,11.295408,22.237907,13.6432793,4.4518620810671035,8.975211,23.979072,11.6973825,5.472775484390758,0.626398,9.296345,2.3670612,3.637189188619323,0.0,0.0,0.0,0.0,63.0,79.0,70.6,4.971027168615266,0.3,0.3,0.3,0.0,0.55,0.55,0.55,0.0,28.925062,41.98573,32.6754699,3.901290363811053,724.621793,861.945327,812.9880324,36.77597909530352
13,1000,10000,20035178,0.244434,0.347521,0.276506,0.028223401810869256,3.727069,5.155713,4.8245605,0.40350495275006637,0.004065,0.008465,0.005644,0.0012066446590994937,0.083961,0.109491,0.0960043,0.01004314249237868,0.040947,0.044289,0.0426619,0.0011614159413788367,0.012413,0.014437,0.0134866,0.0006323121943400357,0.0,0.0,0.0,0.0,3.0,3.0,3.0,0.0,0.1,0.1,0.1,0.0,0.31,0.32,0.317,0.004830458915396484,0.24615,0.273616,0.25840260000000004,0.01070871424173375,4.291317,5.879633,5.490774,0.44935425901274023
23,1000,100,20035178,9.460145,16.33265,12.4175539,1.6405467685641646,4.331914,12.465294,8.4590455,1.9191641955815182,0.007969,12.055835,7.3798912,3.0367282959886945,0.014062,12.089632,10.8770788,3.8168805437676694,0.009358,8.061512,7.251878400000001,2.5447644898052597,0.007937,8.061567,7.0606995,2.5485046976182044,3.0,4.0,3.7,0.48304589153964794,27.0,29.0,28.1,0.8755950357709131,10.0,10.0,10.0,0.0,3.15,3.39,3.279,0.08974655672751151,0.02013,12.094388,10.8783421,3.815192270579221,12.429785,76.890573,64.3936088,18.67437380702211
32,1000,1000000,20035178,28.691578,34.150316,30.1767852,2.0533711118760993,1199.001055,1290.051178,1223.5714334,26.959012304938774,0.013519,8.844616,1.7049534,3.5665086904518075,20.581564,39.253688,23.7112907,6.448721126548754,12.033099,26.591259,13.8400667,4.483945170873229,0.351964,8.689992,1.1931851,2.6341202901663583,0.0,0.0,0.0,0.0,1.0,1.0,1.0,0.0,0.0,0.0,0.0,0.0,0.03,0.03,0.03,0.0,40.813014,60.564588,42.9874572,6.179477372174101,1288.08129,1452.291548,1321.294124,48.4611056381166
2,1000,10000,20035178,0.039321,0.048559,0.0431612,0.00320539832158189,0.717602,0.786259,0.7563504,0.022482246641393408,0.008246,0.01277,0.0099138,0.0012237469600461617,0.065835,0.069825,0.0672964,0.001252616390688792,0.043359,0.045046,0.0445422,0.00045881485009387695,0.053245,0.083164,0.0569459,0.00926145628637551,0.0,0.0,0.0,0.0,2.0,4.0,3.1,0.5676462121975467,0.1,0.1,0.1,0.0,0.31,0.32,0.317,0.004830458915396484,0.231565,0.237685,0.2336271,0.0022198341504615984,1.216318,1.304137,1.26246,0.026442798301238857
19,1000,1000000,20035178,0.393537,25.793546,18.1153546,7.257675463451093,664.369797,762.042567,737.8224765,27.133310117356988,0.013047,4.051774,0.8249799999999999,1.6995367948955973,11.358325,23.656763,14.0362937,5.071099909654535,3.785185,14.947768,6.4411048,4.446249118219331,0.566872,9.152711,2.2952819,3.613871996830806,0.0,0.0,0.0,0.0,1.0,1.0,1.0,0.0,0.0,0.0,0.0,0.0,0.03,0.03,0.03,0.0,28.465988,53.076743,33.8548606,7.818155372643647,710.449201,868.007917,804.1533155,42.89531292623926
23,100000000,1000000,20035178,62.42134,89.896947,80.6145507,9.326988963558318,1071.958913,1186.668916,1155.4313448,31.65988108550495,342.761461,512.386457,372.9384358,50.58222731013463,11.88059,24.303512,13.2554926,3.884521953050171,62.65935,66.610343,64.1893913,1.2085682239653157,261.214575,263.395934,262.3119421,0.5304118526556999,49.0,56.0,53.7,2.0027758514399734,22701.0,22840.0,22760.4,42.36140801353148,100.0,100.0,100.0,0.0,24.89,25.03,24.969,0.03984692933938297,43.340588,52.989308,45.2338769,2.8804910082429993,1847.178066,2089.512622,1920.8089714,63.53145698187878
27,300000,10000,20035178,14.467447,29.309159,24.291271,5.3269986256432125,16.403678,23.852467,19.2937635,2.7218142390778515,0.183054,0.480025,0.3400629,0.07775627238357616,0.120643,0.182165,0.1347371,0.019100565346199687,0.233807,0.292595,0.2585332,0.016958729864651488,0.521241,0.527555,0.5244513,0.0023866914360912263,10.0,13.0,11.5,0.97182531580755,51.0,55.0,53.2,1.3165611772087666,30.0,30.0,30.0,0.0,5.44,5.5,5.456,0.018973665961010102,0.390827,0.405873,0.401673,0.004400734610393035,22.210812,41.765573,32.228355300000004,7.027166741172325
22,300000,10000,20035178,12.6633,24.944294,17.6340713,5.127897065407873,14.16635,15.46574,14.9547767,0.4567627551135275,0.34005,0.486954,0.3950612,0.04831138566241111,0.101037,0.138202,0.1171272,0.013622437624905623,0.205754,0.221778,0.2114987,0.005206940860257801,0.629585,0.645048,0.6359181,0.004245608095432268,9.0,12.0,11.0,0.9428090415820634,54.0,57.0,56.1,1.1005049346146119,30.0,30.0,30.0,0.0,5.45,5.48,5.469,0.012866839377079336,0.374694,0.407707,0.3887679,0.01010910281160279,20.730026,25.53045,23.3298701,1.969855077699003
24,300000,1000000,20035178,12.879471,28.118553,18.2586115,5.0297524058902905,890.260666,959.512003,934.4357104000001,19.290794089637647,1.13341,10.3215,3.9596383,3.8110950196416153,12.181683,26.420957,17.5120867,6.5366229085500525,11.344335,26.973615,17.5921075,7.55787115202567,0.507802,8.58453,3.5085930000000003,3.8640557189856306,0.0,0.0,0.0,0.0,64.0,74.0,67.1,3.0713731999438516,0.3,0.3,0.3,0.0,0.55,0.55,0.55,0.0,31.807687,47.946902,38.485782300000004,5.377961288207188,963.305405,1083.918457,1025.9078356,37.24227183178079
14,1000,10000,20035178,0.278672,0.3176,0.2961756,0.01266378178726859,4.026272,5.402118,5.1860835,0.41174310578543194,0.004094,0.006762,0.0053086999999999995,0.0009563869567863789,0.08501,0.138168,0.1071574,0.014714523401501436,0.040664,0.059273,0.0447788,0.005193783844387657,0.012478,0.014761,0.0135379,0.0007156713165506449,0.0,0.0,0.0,0.0,3.0,3.0,3.0,0.0,0.1,0.1,0.1,0.0,0.31,0.32,0.319,0.003162277660168382,0.246482,0.278141,0.2645468,0.012036304839018405,4.640654,6.131264,5.8461146,0.4325637909825043
1,1000,100,20035178,0.011993,0.014957,0.0134044,0.0010819835899351195,0.006092,0.006597,0.0064265,0.00013790757774683745,0.010138,0.013538,0.0105681,0.001049015564972968,0.001114,0.001225,0.0011651,3.5268651487940074e-05,0.001906,0.002067,0.001979,5.5627730894262107e-05,0.034918,0.035552,0.0352692,0.00024363807401781771,1.0,5.0,2.9,1.1005049346146119,16.0,20.0,17.7,1.3374935098492586,10.0,10.0,10.0,0.0,2.76,3.52,3.038,0.2167845832976957,0.005092,0.006082,0.0053127,0.0002807442687650888,0.065671,0.070719,0.0665484,0.0015140072801821172
26,1000,1000000,20035178,17.453719,33.641774,26.7147115,5.242099639277529,996.464226,1026.296948,1010.0468194,9.923225315567203,0.015337,8.071701,1.6286190999999999,3.3942715503814638,13.177384,25.22117,15.6257878,4.681047709817959,5.032592,15.5155,6.4659976,3.1933257028589837,0.422717,8.871621,1.2777789,2.6682155623284363,0.0,0.0,0.0,0.0,1.0,1.0,1.0,0.0,0.0,0.0,0.0,0.0,0.03,0.03,0.03,0.0,35.025598,45.09231,38.6638715,3.175345928071537,1058.262441,1143.105877,1086.4693394,23.229167263973526
19,1000,10000,20035178,0.377061,28.518492,18.364767,8.592199071625533,6.024398,11.508579,10.6345137,1.6500063445250446,0.003783,0.009226,0.006372,0.0015417477095815645,0.105321,0.175743,0.1272779,0.022404378701246973,0.043559,0.048003,0.0454699,0.001602923124932834,0.010888,0.01525,0.0130993,0.0013336847911790185,0.0,0.0,0.0,0.0,2.0,3.0,2.8,0.4216370213557839,0.1,0.1,0.1,0.0,0.32,0.32,0.32,0.0,0.26778,0.282272,0.2788529,0.0047048394340296045,6.633439,20.363945,17.4818721,4.226574368193426
27,300000,100,20035178,12.658448,28.745782,15.2083999,4.945432299675449,8.637392,12.723776,9.918887699999999,1.866526116165182,8.32477,14.010406,8.9488294,1.7787680173466003,12.090191,12.123057,12.1049978,0.010253695266693591,8.071058,8.112913,8.0971679,0.015195487213497064,10.495105,10.547666,10.5322132,0.016283472717246852,2816.0,2854.0,2838.3,12.824022596500505,3103.0,3160.0,3126.6,19.91202874869582,3000.0,3000.0,3000.0,0.0,52.35,57.63,55.378,2.1101226925886993,8.986332,12.133779,11.8022139,0.9894582183860292,68.124125,84.017327,74.0984347,5.276153224656935
18,300000,10000,20035178,0.580533,29.333795,15.4715307,7.429449712775548,7.820657,13.290403,12.6239945,1.6929273985713,0.235802,0.472267,0.3792428,0.07786586446047958,0.089757,0.115438,0.1047444,0.007685076450136618,0.178181,0.185232,0.1812524,0.0023471876883718584,0.766004,0.808727,0.7746678,0.012535378368619126,11.0,12.0,11.9,0.31622776601683794,53.0,60.0,56.1,2.183269719175042,30.0,30.0,30.0,0.0,5.49,5.55,5.513999999999999,0.015776212754932198,0.350376,0.379588,0.3653097,0.008997054802668603,9.722342,23.438656,21.330699199999998,4.27263166264914
30,1000,1000000,20035178,13.469315,30.172709,26.126549400000002,5.84353790020753,1143.515409,1173.981143,1154.4572481,9.60260453471728,0.013905,8.078823,2.4311984,3.88685773206676,19.940951,34.882837,23.343255,5.360579555587934,12.039237,22.916395,14.0401283,3.9413212661454327,0.376173,8.771122,2.0601348,3.529374189797449,0.0,0.0,0.0,0.0,1.0,1.0,1.0,0.0,0.0,0.0,0.0,0.0,0.03,0.03,0.03,0.0,40.122417,54.043846,43.0631584,5.1013891688443325,1230.534032,1312.9158,1253.2899313,27.568128848898244
22,300000,1000000,20035178,13.160579,18.41597,15.4952097,2.0289895573122685,834.404326,882.991184,862.517255,12.886017273388383,1.179082,6.434424,1.7725434,1.638475821257888,11.826556,24.298359,13.2158596,3.896981568245871,10.124459,25.701814,12.0699828,4.795553242986181,0.543506,9.109838,1.4131877,2.704352515451837,0.0,0.0,0.0,0.0,63.0,76.0,68.0,4.8074017006186525,0.3,0.3,0.3,0.0,0.55,0.55,0.55,0.0,29.138569,53.75775,34.3147669,7.011840057907585,893.831593,998.554925,934.3333198,27.0670214199307
1,300000,1000000,20035178,2.669102,2.82953,2.7054351,0.05867397341894158,58.598544,59.560734,59.227845,0.3403002239222832,16.956446,18.494704,17.8966185,0.7093033035888496,9.754926,10.115286,9.8596,0.11157691020995324,11.820872,12.002297,11.8930973,0.05417264116804922,11.305806,11.552807,11.3900642,0.08281648113590241,0.0,0.0,0.0,0.0,48.0,88.0,68.4,10.532489417670133,0.3,0.3,0.3,0.0,0.55,0.55,0.55,0.0,18.36797,18.611877,18.4656502,0.07345887115598175,127.728983,130.215849,129.3296248,0.9908814719357217
2,100000000,1000000,20035178,434.364572,435.619353,434.67925560000003,0.3718826460371591,192.44731,206.7653,198.2095904,4.223593813897232,3142.35044,3567.519344,3450.7234248,116.1857595868375,9.538415,9.863214,9.70295,0.10772530684827704,41.821998,46.52509,45.5713378,1.3357017105417572,2762.093938,2966.534585,2942.302305,63.37510012480052,44.0,58.0,54.7,4.001388647846034,22619.0,22870.0,22734.7,95.85411368903847,100.0,100.0,100.0,0.0,24.59,26.48,24.869,0.5721586803986771,80.008866,111.229323,87.1457507,10.127044422211325,6453.770745,6873.287279,6734.2361506,128.96724788706305
32,100000000,1000000,20035178,54.513838,83.962018,71.2351242,8.78178995626719,1560.281463,1651.528938,1586.9949307,26.028705823207947,296.35963,422.60469,343.9013038,53.31208907209722,20.005029,34.759609,24.3812963,6.111617355874339,64.953901,68.574636,66.4587092,1.249666010050045,188.736873,190.19378,189.4520259,0.5386008085783146,54.0,57.0,55.1,1.1005049346146119,22658.0,22727.0,22695.8,21.399896157588138,100.0,100.0,100.0,0.0,24.79,25.03,24.898,0.09829660330968887,54.400818,68.784736,60.8811948,4.669755344699543,2208.744949,2396.595235,2280.495192,74.83136272820624
2,100000000,100,20035178,434.206872,435.185942,434.7317802,0.28877154747455264,1.011257,3.118766,1.6227507,0.6690424347593191,667.66538,714.433528,695.0529491,13.86685607407021,0.002282,0.003788,0.0028503,0.0003972486067383441,39.137571,40.079365,39.6052729,0.28333406698197156,8663.592178,8895.496624,8863.2362741,70.36299534912304,995813.0,997836.0,997287.5,561.4331364166767,1001694.0,1003358.0,1002455.4,546.5217694149469,1000000.0,1000000.0,1000000.0,0.0,931.26,1309.47,1006.944,118.13837406476638,21.393848,34.081517,25.4579377,5.578144690437216,9409.614332,9665.24771,9625.0126848,76.46868312970489
4,100000000,10000,20035178,218.519048,219.507205,219.1021654,0.36361439697881215,67.121802,117.153624,111.1243644,15.512235498850584,507.073412,515.583841,511.3751118,2.8860324591447823,0.07239,0.089075,0.0797368,0.004183928265796791,21.866252,23.770636,23.0944424,0.563708542254516,2884.581206,2964.95766,2934.0434228,26.644171140665105,9556.0,9646.0,9605.3,28.503606009688593,10370.0,10413.0,10390.8,16.524728943818314,10000.0,10000.0,10000.0,0.0,98.36,116.3,104.242,8.14112714009007,9.935728,11.9565,11.0505804,0.608002334486783,3549.308502,3621.643786,3590.9375148999998,28.380133435591336
21,1000,10000,20035178,0.419533,29.292285,19.1004274,8.013781045105684,7.584664,12.181403,11.4475683,1.379356530674845,0.00429,0.009909,0.0065611,0.0016761003317887094,0.113175,0.15154,0.1242087,0.011013403198426506,0.044071,0.051002,0.047451,0.0025731177802640727,0.011394,0.017569,0.013848300000000001,0.0020582286909972968,0.0,0.0,0.0,0.0,2.0,3.0,2.7,0.48304589153964794,0.1,0.1,0.1,0.0,0.32,0.32,0.32,0.0,0.265088,0.314261,0.279867,0.015024521756115903,8.428159,20.999969,18.4248637,3.8778871254442167
31,300000,10000,20035178,13.032132,35.173024,25.5365716,7.126057946906164,14.648799,19.633973,18.2186961,1.860187368081055,0.287511,8.648623,1.1995959,2.6180779406716783,0.186667,12.295041,1.4123107,3.823819883157505,0.252157,8.635756,1.1412104,2.6336271179184383,0.451365,8.94329,1.3053781,2.683690981161722,11.0,13.0,11.8,0.6324555320336759,52.0,55.0,53.0,1.247219128924647,30.0,30.0,30.0,0.0,5.42,5.48,5.45,0.01825741858350558,0.342158,12.537189,1.5724478,3.8526287553089946,24.63633,82.247807,37.1538468,16.61179899278331
11,1000,10000,20035178,0.198394,0.242265,0.2255906,0.012376409856389431,2.565616,4.219037,3.9707464,0.49761086741955757,0.004534,0.006838,0.0052329,0.0006462882827689549,0.0717,0.104117,0.0859032,0.008266003277145358,0.032272,0.044771,0.039762900000000004,0.003152402309703223,0.012851,0.01526,0.0145322,0.0007083559682657992,0.0,0.0,0.0,0.0,3.0,3.0,3.0,0.0,0.1,0.1,0.1,0.0,0.31,0.32,0.318,0.004216370213557843,0.245666,0.270321,0.2521911,0.007178621601672559,3.173603,4.915148,4.6382329,0.5225951583337505
3,1000,1000000,20035178,0.058172,0.070813,0.0671771,0.004071970187895671,79.720644,93.306322,88.1928027,3.4666386032928878,0.030681,0.035789,0.033346600000000004,0.0017329057293074734,8.919409,10.966746,10.5430001,0.58730410471397,2.821311,3.032086,2.9599775,0.06010019715303216,3.38093,3.47671,3.4350571,0.035172938705930086,0.0,0.0,0.0,0.0,1.0,2.0,1.5,0.5270462766947299,0.0,0.0,0.0,0.0,0.03,0.03,0.03,0.0,22.325183,24.175947,23.7924504,0.5349682719830114,117.805087,135.132091,129.7153135,4.5608987232467735
13,300000,10000,20035178,0.507397,0.549744,0.5321583,0.013120249489921215,4.861504,6.586855,6.2849886999999995,0.5097259037777176,0.301057,0.419279,0.3426241,0.042659957890404804,0.080772,0.109883,0.09479019999999999,0.008257581160498649,0.153559,0.201742,0.1621802,0.014440453292362015,1.054749,1.089236,1.0682297,0.012899013209888949,11.0,14.0,12.1,1.1972189997378648,51.0,55.0,52.8,1.2292725943057183,30.0,30.0,30.0,0.0,5.44,5.52,5.5009999999999994,0.02514402955419452,0.325609,0.356687,0.3344586,0.010398088683343035,7.077612,8.905485,8.5069921,0.5233931219234417
31,300000,1000000,20035178,24.719959,30.17593,27.5470471,2.223170060522909,1163.814515,1199.53506,1181.3430817,11.828987040567338,0.994944,9.856669,3.2514481,3.6980980791084863,20.369895,36.007507,24.3001431,5.883136361563267,13.166555,27.284225,14.9358718,4.354017853394004,0.394172,8.822321,1.2437817,2.662832713150292,0.0,0.0,0.0,0.0,62.0,69.0,65.6,2.3664319132398464,0.3,0.3,0.3,0.0,0.55,0.55,0.55,0.0,39.965147,53.000816,43.0665476,5.202125265064274,1254.854778,1333.850116,1284.7392393,23.882412875000647
8,1000,10000,20035178,0.152717,0.186866,0.1707785,0.009435914514355362,1.844592,3.117111,2.8940267,0.37351032191599326,0.004204,0.009047,0.0058797,0.0013982244335823439,0.072573,0.081801,0.0797541,0.00268781168528518,0.033321,0.045389,0.0411969,0.003223094491323516,0.016493,0.028871,0.0186016,0.003639709396214056,0.0,0.0,0.0,0.0,2.0,3.0,2.9,0.31622776601683794,0.1,0.1,0.1,0.0,0.32,0.32,0.32,0.0,0.238309,0.289723,0.2551113,0.01453088127670782,2.394454,3.755159,3.5212663,0.4001416367890666
31,1000,1000000,20035178,17.268144,35.510335,28.0352541,4.730411144781942,1161.77818,1221.991046,1186.3471899,18.236955666914046,0.010316,8.08299,2.0294997,3.4236860676096543,20.079835,32.983414,22.8264802,5.036110563111242,12.047973,26.928683,15.1256752,5.874334363893322,0.363801,8.732257,2.0410533,3.5195268212753343,0.0,0.0,0.0,0.0,1.0,1.0,1.0,0.0,0.0,0.0,0.0,0.0,0.03,0.03,0.03,0.0,39.726944,57.655993,42.6960498,5.493575443807608,1248.716776,1368.165955,1285.8564326,36.799660424658
19,100000000,100,20035178,46.971826,93.581727,80.3953759,12.985575285248213,7.046339,12.747514,10.3087302,2.368480702334483,106.996333,133.45954,119.3929486,7.6798622615688625,0.011002,0.024278,0.0157753,0.004819033652553637,9.121982,14.660777,12.9436208,1.521646892727657,1075.935626,1079.540737,1077.7229513,1.2049031952703586,997238.0,998141.0,997642.3,263.32786914162097,1002711.0,1003019.0,1002890.7,118.8005331076703,1000000.0,1000000.0,1000000.0,0.0,986.85,1110.88,1048.265,45.598495162791394,30.914838,33.31091,32.314931200000004,0.723194813213148,1238.312337,1275.794982,1257.9768503999999,9.895231048845174
14,100000000,10000,20035178,63.038658,63.786009,63.4778282,0.2219753128254493,220.254018,299.2287,287.4530548,23.718055963658006,195.63583,229.348142,224.5114997,10.263689585263533,0.09023,0.144523,0.1049458,0.01758632590521524,12.660801,16.062092,14.5336915,0.8174847127273663,840.928667,845.419984,842.8568567,1.1821555570294289,9586.0,9645.0,9609.7,17.42954069644088,10346.0,10450.0,10392.3,27.872925931807014,10000.0,10000.0,10000.0,0.0,98.86,105.05,103.56,2.416940214403326,13.399441,20.252982,15.7561878,2.120031532441953,1286.961164,1400.285006,1385.4816432,34.671238043774125
24,1000,1000000,20035178,12.437937,28.549864,21.4849425,5.327414680345163,903.407445,960.924208,943.2630243,16.745134790636666,0.012324,8.064794,1.6245717999999998,3.39364141500273,12.190704,25.714362,15.0843599,4.998272600434106,4.538729,15.224977,6.1982141,3.192956881922894,0.457356,8.915809,1.3122308999999999,2.671635898907569,0.0,0.0,0.0,0.0,1.0,1.0,1.0,0.0,0.0,0.0,0.0,0.0,0.03,0.03,0.03,0.0,31.691816,53.868199,36.5186525,6.5854561389976825,962.17448,1076.138712,1013.2943528000001,30.04856552409204
22,1000,10000,20035178,4.07245,28.586986,19.2762648,7.093586187958807,7.668316,15.878707,12.0723362,1.9690199482576098,0.004832,0.008787,0.0065818000000000005,0.0013264933555137855,0.120364,0.166943,0.1368722,0.013438249388302863,0.044286,0.05222,0.0484949,0.002820196937567778,0.011678,0.016901,0.013352,0.0015489775839422452,0.0,0.0,0.0,0.0,2.0,2.0,2.0,0.0,0.1,0.1,0.1,0.0,0.31,0.32,0.319,0.003162277660168382,0.270725,0.283009,0.2780592,0.0038519711779237877,8.478376,29.224347,20.8859346,5.805492983091352
19,100000000,1000000,20035178,46.934296,103.295351,79.2742524,15.156499479244818,1078.268318,1214.446612,1187.7687354,39.24047499368271,409.879142,636.523837,486.7583187,88.73263315467777,11.138065,15.661444,12.1711855,1.8066472218012168,63.076718,66.229517,64.4276793,1.1791237320100676,315.801995,414.13901,326.6747292,30.743888339866036,50.0,56.0,53.6,1.8973665961010275,22668.0,22760.0,22706.7,30.778961068308405,100.0,100.0,100.0,0.0,24.78,25.06,24.913,0.11795008360413434,39.025392,55.764803,46.3633455,4.041949182703763,1922.731211,2298.381805,2131.4297533,108.82263336925736
20,1000,100,20035178,0.437344,16.279553,11.9431028,4.365695568832475,0.376267,8.415433,7.1434865,2.677366008435872,0.005433,8.057833,6.4346746999999995,3.388260273009867,0.011024,12.081172,8.8580344,5.29162562248236,0.010758,8.055387,5.6381437,3.8819881143366346,0.007946,8.405804,5.6714676,3.909669460726122,2.0,4.0,3.3,0.8232726023485646,25.0,27.0,25.2,0.6324555320336759,10.0,10.0,10.0,0.0,3.08,3.36,3.221,0.08685236515681839,0.020303,12.079701,8.4575382,5.821587125227064,0.467964,71.724442,51.861137899999996,27.18053431683996
6,1000,1000000,20035178,0.119288,0.137425,0.1288307,0.006638791490591909,132.015614,218.163431,205.2457351,25.88644446396615,0.020993,0.02608,0.0232463,0.0015994893664333415,8.388374,9.949607,9.6384074,0.45255599679798975,2.630561,2.834075,2.7920742,0.059050031980045874,1.727092,1.874181,1.7565411,0.04410392806000646,0.0,0.0,0.0,0.0,1.0,2.0,1.6,0.5163977794943223,0.0,0.0,0.0,0.0,0.03,0.03,0.03,0.0,22.400824,25.292662,23.9185033,0.6863188528247477,167.999285,257.642345,244.3724986,26.990559356770977
1,100000000,10000,20035178,866.503295,868.453962,867.3100282,0.6176899310569064,15.91133,16.218899,16.0548797,0.0859673687473594,2237.706797,2317.307822,2285.5595482,28.710933444114133,0.061555,0.065186,0.0623717,0.001105243970050654,68.431793,75.845027,72.090434,2.24723074787002,11746.820296,11778.38968,11762.6831994,11.077948857220393,9521.0,9650.0,9613.5,36.39368077015569,10364.0,10410.0,10382.6,15.714112553158493,10000.0,10000.0,10000.0,0.0,98.75,99.98,99.449,0.4311341631866683,23.285008,40.752578,29.0290606,7.395251405269994,14099.07267,14207.672178,14165.5545791,36.22925138051299
7,300000,10000,20035178,0.558235,0.588031,0.5779316,0.00932929277062307,2.072507,3.582553,3.3052512,0.4396649288759693,0.53718,0.648228,0.5571657,0.032517075152226654,0.072482,0.086768,0.0820887,0.003853809199278609,0.154292,0.171529,0.1617897,0.006065706316845726,1.928062,1.967873,1.9441319,0.012312282417254027,9.0,13.0,11.1,1.1972189997378648,49.0,56.0,52.5,2.0682789409984763,30.0,30.0,30.0,0.0,5.49,5.55,5.516,0.01955050439815352,0.293341,0.33047,0.3155824,0.010749811762693014,5.247163,6.956728,6.5810218,0.47801078245528233
13,100000000,10000,20035178,68.109417,68.342062,68.214483,0.07462788213827666,220.428929,300.487482,287.468257,23.824413271075464,205.214861,235.443293,229.2603472,8.642666039626373,0.078102,0.124761,0.0984626,0.012785059224648813,12.072047,15.99519,15.090154,1.088063757580818,906.725099,911.051567,908.0361962,1.3292916556091687,9573.0,9640.0,9609.7,20.281628249340447,10339.0,10451.0,10396.6,37.939132538551505,10000.0,10000.0,10000.0,0.0,99.45,106.47,104.068,2.9971868291597867,6.333772,9.274945,7.8359754,0.9470928187765149,1354.632754,1467.551186,1448.0751017,33.173258102082436
11,1000,100,20035178,0.240257,0.290522,0.25198349999999997,0.014076758522472425,0.144674,0.233704,0.2089457,0.025221430918301736,0.00329,0.005721,0.0049375,0.0006588416181281946,0.004662,0.010051,0.0082618,0.001473927843854267,0.004576,0.009183,0.008176300000000001,0.0014144471279541621,0.007434,0.00912,0.00834,0.00048231386737960033,3.0,5.0,3.7,0.6749485577105528,16.0,20.0,18.3,1.2516655570345725,10.0,10.0,10.0,0.0,2.72,3.11,2.927,0.12525973016097394,0.011939,0.01876,0.0148141,0.0019886338387054676,0.196139,0.312746,0.2824701,0.03292896694890719
21,100000000,100,20035178,42.752593,87.118986,73.2174366,11.510246325607964,7.893962,13.194269,12.2333204,1.5549016427055729,102.206153,108.277982,105.02596390000001,1.7342189558371772,0.011872,0.02897,0.0187096,0.006966588344057337,10.785791,13.24489,12.4951239,0.7274278761539716,899.820152,901.348828,900.5505095,0.4270177475706183,997205.0,998249.0,997663.4,292.11040530746055,1002741.0,1003478.0,1003107.6,222.60787647041303,1000000.0,1000000.0,1000000.0,0.0,984.13,1083.18,1029.594,36.89205822395924,32.009636,35.600015,33.8377633,0.9798065237373309,1057.240649,1079.003649,1071.8453392,5.9701877951972255
7,300000,100,20035178,0.58165,0.622502,0.6060509,0.012042902210661491,0.340838,0.625499,0.5315464,0.07536761295322195,0.82952,0.998766,0.9278546,0.051620901096788734,0.00371,0.007884,0.0065059,0.0011049751580918007,0.02296,0.041767,0.0370522,0.005284971224561628,4.611115,4.644144,4.6254239,0.010261155971808314,2799.0,2891.0,2855.6,26.54220957058566,3111.0,3189.0,3148.5,22.867978582385554,3000.0,3000.0,3000.0,0.0,55.24,62.81,59.289,2.5834793507120493,0.048662,0.085711,0.0702003,0.013163176153784296,5.890829,6.343578,6.2212165,0.12806974333216517
32,300000,100,20035178,15.255648,32.546418,24.642984900000002,4.719699281599705,8.781006,16.963561,11.7720716,2.6198710466211113,8.342035,12.435163,9.2388182,1.6236222732071646,12.091927,12.132246,12.113264299999999,0.013641256638512874,8.059481,8.114155,8.0968974,0.01607925873222318,10.209912,10.579593,10.2612202,0.1133920070353773,2816.0,2861.0,2837.6,14.871299726505265,3114.0,3142.0,3128.4,10.986860839708088,3000.0,3000.0,3000.0,0.0,47.88,56.85,52.834,2.6850996257122377,12.110993,12.140214,12.1300118,0.010368666857412329,69.198589,96.000069,78.5259653,7.515462954712888
23,1000,1000000,20035178,14.280457,32.309494,22.0208791,5.928453238184222,851.052079,909.930252,896.1961332,17.26565823534146,0.013351,8.067035,1.6263637,3.3930621865673376,12.006849,24.601119,14.7476188,5.12384711575383,4.359769,15.371636,6.5967458,3.671967901570062,0.47205,8.930201,2.1765782000000002,3.557463005949818,0.0,0.0,0.0,0.0,1.0,1.0,1.0,0.0,0.0,0.0,0.0,0.0,0.03,0.03,0.03,0.0,31.180349,47.463243,35.7829233,4.772807581271427,909.781499,997.946761,965.8854301,24.552821810106458
10,100000000,100,20035178,87.53237,88.299116,87.8985918,0.23646613622569998,3.775211,6.55717,5.6005332,0.786519204424123,189.169474,238.4637,204.6662162,13.194571742656882,0.004867,0.013914,0.0090539,0.0026791540310744026,10.391492,11.756999,11.4342499,0.39478548284253207,1784.757065,1789.190628,1786.5344897,1.3848989326176149,997249.0,997855.0,997630.8,160.5454591212235,1002073.0,1004219.0,1002973.0,733.2609055142348,1000000.0,1000000.0,1000000.0,0.0,975.84,1166.54,1062.445,59.20855592264047,24.102211,27.459816,26.3940078,0.9126735269304862,2018.071451,2068.057607,2034.6935564999999,13.584088363257354
15,100000000,10000,20035178,59.127269,59.29477,59.208646,0.05491579016397157,247.939301,300.186926,292.8407466,15.953344853038002,205.450389,228.051813,223.5834983,6.608910945698828,0.08273,0.125056,0.1051969,0.011152808001674836,12.10788,15.331216,14.8536487,0.9684741039915489,785.362715,789.414854,787.106077,1.1999032936375431,9567.0,9631.0,9606.2,18.65356683199102,10376.0,10442.0,10398.2,23.934168973341116,10000.0,10000.0,10000.0,0.0,98.95,110.87,104.02799999999999,2.8565667038130473,12.732578,18.403072,15.7333944,1.9062965129023928,1270.108004,1345.386875,1334.498489,22.8561234942707
16,300000,1000000,20035178,0.525869,0.591322,0.564039,0.019702105493801643,508.79495,629.132622,612.2674022,36.55670793703889,1.530908,1.680339,1.6022645,0.05534366942870101,11.066092,11.648237,11.3408579,0.17108471691043078,8.558281,9.122432,8.8268202,0.14754850422058965,0.737418,0.771357,0.7500673,0.011303674712725548,0.0,0.0,0.0,0.0,63.0,77.0,69.4,3.893013685508382,0.3,0.3,0.3,0.0,0.55,0.55,0.55,0.0,27.444403,30.867537,29.5976843,1.1635572347460132,560.72981,682.904159,665.8932571,37.18329450288845
31,100000000,1000000,20035178,56.254628,75.628145,64.9370307,6.458515885949894,1490.238535,1605.078522,1523.1027847,34.25862304302785,302.668558,416.009151,331.5051922,42.93576920023531,20.018805,35.152246,23.2534848,6.0428379473796685,64.448959,92.206274,68.4028627,8.442415428299505,194.900126,312.525333,207.1534065,37.026214662916345,53.0,56.0,54.6,1.0749676997731399,22663.0,22775.0,22716.0,30.822070014844883,100.0,100.0,100.0,0.0,24.81,25.1,24.913,0.10133004380625604,53.617217,69.870778,61.2919421,4.507891969735041,2152.906309,2536.304544,2225.8366206,116.566531358422
30,100000000,10000,20035178,58.337408,73.75384,65.7842449,5.010202915315204,292.003227,309.586829,297.3850876,4.699477788695904,171.622505,183.002434,175.04131189999998,3.1276018132929653,0.170779,12.259401,2.2093329,4.341886459799382,11.28681,20.482719,13.8113124,3.5012034785377315,394.216248,598.780035,421.716841,65.70331370765986,9536.0,9590.0,9559.5,18.810458084090705,10422.0,10478.0,10458.9,20.03580129002415,10000.0,10000.0,10000.0,0.0,103.23,108.15,104.45,1.523905800529972,4.268346,17.464133,6.6127337,4.101414271104164,886.703376,1153.978983,925.9085694,84.56212275999614
28,300000,1000000,20035178,16.692621,32.132807,25.3202063,5.456363995703958,1064.52007,1088.040875,1074.1678426,8.606174357225246,1.049929,9.808745,2.8493138,3.6394630167515034,14.538213,25.486122,17.0127564,4.461108166507565,12.796263,25.141106,15.5290857,4.856822526707492,0.436087,0.481163,0.447334,0.013725716925214189,0.0,0.0,0.0,0.0,65.0,69.0,67.1,1.3703203194062976,0.3,0.3,0.3,0.0,0.55,0.55,0.55,0.0,35.878478,44.119995,40.195759100000004,2.1053086180503824,1145.47182,1191.147487,1164.6751031,14.266402509598352
6,100000000,1000000,20035178,145.763883,146.835023,146.2668996,0.3828672246415345,312.61093,493.628513,469.7272601,55.439347199979885,1100.531682,1159.771201,1132.7874862,23.941383107936876,8.64133,9.94947,9.5905787,0.3607126817812051,21.877321,24.241629,23.8630806,0.7050460112092296,989.148569,1000.306285,994.6494084,4.62406568896143,49.0,58.0,53.5,2.3213980461973533,22684.0,22857.0,22777.0,56.54103721093988,100.0,100.0,100.0,0.0,24.7,25.23,24.948,0.21714306599822872,48.841927,54.961296,54.0499599,1.8406472922375525,2503.967248,2737.780801,2685.7255131,68.01215123639311
5,100000000,1000000,20035178,174.660302,175.491163,175.1915645,0.22096821434427838,263.9821,452.694241,428.9722304,58.14718897787281,1345.973817,1424.845273,1389.9455853,25.804801580843716,8.388201,9.968996,9.5527454,0.42658200659068274,23.020219,26.192987,25.6680564,0.9403727733294798,1186.048743,1205.254459,1192.1393371,6.3883341575195605,47.0,57.0,53.2,2.898275349237888,22676.0,22932.0,22797.9,75.68714847610818,100.0,100.0,100.0,0.0,24.65,25.43,24.979,0.30881314019250516,65.693103,78.900559,74.744521,3.545832230233783,2943.475868,3183.255413,3122.0110748,69.47102647889507
7,1000,1000000,20035178,0.132596,0.152882,0.142605,0.005368134271379169,169.994042,267.291028,253.2648668,29.43457351793967,0.016476,0.023018,0.0211215,0.0018290172983812308,8.622649,9.951674,9.5718859,0.36010588279543276,2.678082,2.909141,2.8292566,0.06096256697023185,1.47681,1.53343,1.4979584,0.016178469376853258,0.0,0.0,0.0,0.0,1.0,2.0,1.7,0.48304589153964794,0.0,0.0,0.0,0.0,0.03,0.03,0.03,0.0,22.540947,26.987847,24.2470775,1.1891046679955142,206.088079,306.404217,292.3824873,30.474107675371265
30,300000,100,20035178,12.50692,24.667401,18.5902952,3.1937439994666246,8.771022,16.746881,11.5179949,3.421088078730815,8.326169,12.357363,8.958029,1.3237334080748029,12.093488,12.127575,12.1144785,0.009845339881836933,8.084986,8.133908,8.099639,0.01482295493108187,10.192044,10.535792,10.338946,0.13782187015613068,2796.0,2849.0,2831.1,15.444884086468388,3114.0,3146.0,3130.1,10.514011814927946,3000.0,3000.0,3000.0,0.0,50.22,58.71,55.289,2.5227341869047124,12.097675,12.431771,12.1460068,0.10115392786771364,69.009907,92.303105,75.3450133,6.6980866995891715
16,100000000,100,20035178,55.149395,91.7912,58.9888177,11.5263922479267,5.664064,7.581068,6.9225443,0.5232370993774238,123.815161,145.651208,133.8278294,6.416326775888989,0.010388,0.021173,0.0163591,0.0036115156390511606,8.914711,12.834672,12.1459726,1.1560621226781695,1250.936386,1254.509877,1253.0926391,1.0748219080517722,997123.0,998164.0,997690.8,321.20322400485196,1002340.0,1003027.0,1002718.7,220.9620631088815,1000000.0,1000000.0,1000000.0,0.0,986.06,1062.87,1027.641,24.450950197396317,28.395963,31.312866,30.1937832,0.9796515344047144,1425.889245,1448.150496,1436.263129,6.7565497281844
3,300000,100,20035178,1.035428,1.086295,1.0719534,0.01484023971205016,0.390547,0.755835,0.7010054,0.10963563566266014,1.349953,1.721904,1.4817595,0.09853307296452973,0.002648,0.006461,0.0045346,0.0010078317981356477,0.033731,0.060732,0.0559863,0.007903796556789093,10.397104,10.490537,10.4340959,0.026801281426454125,2807.0,2886.0,2858.8,25.60295121877771,3109.0,3194.0,3141.9,25.492700480289997,3000.0,3000.0,3000.0,0.0,50.72,59.46,55.411,3.331937874570893,0.0704,0.13085,0.1066329,0.01814762492847051,12.30498,13.012741,12.8055033,0.18862225813752714
11,100000000,10000,20035178,79.991369,80.409212,80.2055746,0.12238871773093102,186.207149,294.686991,280.229773,33.10547806828096,211.16127,245.603435,240.9200732,10.558947929433256,0.075966,0.108098,0.0896153,0.010470016630040914,13.732225,16.195896,15.6246191,0.6849334745696841,1070.778377,1074.2123,1072.5142573,1.2028606336702283,9546.0,9663.0,9614.2,35.701851803824155,10361.0,10426.0,10390.9,23.335476092088726,10000.0,10000.0,10000.0,0.0,100.96,109.71,105.009,4.0182651038034365,6.85733,11.444593,8.8144152,1.4162433830249501,1489.940111,1636.553603,1618.4833549,45.249207436776814
2,300000,100,20035178,1.452003,1.478133,1.4637635,0.007177175167772424,0.26662,0.287731,0.2774726,0.007383382004354252,1.935276,2.050874,1.9917984,0.03375642067057595,0.001961,0.002674,0.0022269,0.00020778699028893346,0.043493,0.050885,0.0462102,0.002357188004570041,15.29051,15.352432,15.3287896,0.018602245277863094,2835.0,2901.0,2860.4,20.216604836398993,3096.0,3203.0,3150.3,32.819540250012984,3000.0,3000.0,3000.0,0.0,49.07,62.3,56.392,3.6354391451072003,0.06895,0.091803,0.0779186,0.00853161403513101,17.678853,17.805185,17.7398253,0.044085999448174755
17,300000,100,20035178,0.970928,12.550597,8.8083381,5.1970621142932805,0.493743,8.521703,4.908869,3.466287884944546,0.356009,8.631939,3.6575534,4.190392379945481,0.010599,12.066672,4.8325431,6.223402406052772,0.032793,8.086227,3.2522569999999997,4.154729354722505,1.888091,11.789753,5.7183801,4.950744723289224,2853.0,2881.0,2870.1,8.089087299153924,3127.0,3171.0,3145.6,15.130543061414992,3000.0,3000.0,3000.0,0.0,54.86,58.91,57.038,1.5432346980719855,0.025923,12.089372,4.8495107,6.224277400574286,2.868299,73.223693,34.4669236,33.312758659462325
17,100000000,10000,20035178,52.236736,105.284561,82.4611206,20.404614080975836,259.236393,305.492501,296.4533789,13.590502704371326,202.711238,222.05083,217.7284323,5.581237061765845,0.111945,0.132061,0.121713,0.006870822690511265,11.096132,15.242609,14.4299579,1.3063429427298556,693.691219,696.36466,694.8978253,0.9531997527507032,9550.0,9623.0,9586.1,28.520752678239987,10358.0,10468.0,10409.4,31.109841243925086,10000.0,10000.0,10000.0,0.0,102.42,109.81,104.618,3.217451717672784,11.456051,17.886097,14.2549703,1.7442303274876187,1181.50376,1260.322028,1241.5520566,22.326536788464537
9,1000,10000,20035178,0.161018,0.546571,0.2249167,0.11362445030406089,2.04433,3.489976,3.2417606,0.4265239624671879,0.004185,0.007821,0.0054825,0.00108144258079454,0.072246,0.083914,0.0806507,0.003281390492865283,0.032413,0.047132,0.0420025,0.003946254518175713,0.014258,0.017235,0.016012699999999998,0.000777295603715572,0.0,0.0,0.0,0.0,2.0,3.0,2.8,0.4216370213557839,0.1,0.1,0.1,0.0,0.31,0.32,0.318,0.004216370213557843,0.236812,0.283644,0.2549764,0.012139825069213775,2.606956,4.123314,3.8815516,0.45303574048294837
1,100000000,1000000,20035178,867.065101,868.472685,867.7701711,0.5385670253246017,200.357239,203.396221,201.9656491,0.8567605493921647,6455.216678,7077.803578,6938.3564387999995,177.51079461016514,9.64109,9.774753,9.7168229,0.03807659019062025,82.155512,86.643618,84.5281072,1.438553204257113,5917.440705,5931.553714,5923.8285878,5.790064427375803,55.0,58.0,56.4,1.1737877907772674,22546.0,22938.0,22675.9,130.38357940238402,100.0,100.0,100.0,0.0,24.53,24.88,24.644,0.1176813022059526,87.695009,101.373395,95.9151023,4.475512608568619,12758.624736,13386.972054,13254.8665193,181.79243555350516
8,100000000,100,20035178,109.234651,109.682968,109.3950975,0.13168279815885228,4.900461,6.23853,5.6269927,0.4203812386114009,222.190377,259.021133,237.2119694,10.728194981191958,0.004413,0.012501,0.0088525,0.0025256232344160563,11.955843,14.236613,13.8581706,0.6774917734164256,2311.176444,2321.657346,2316.5946843,3.3401443559325066,996962.0,998088.0,997597.1,397.45340747200936,1001727.0,1002846.0,1002319.1,331.3626579913782,1000000.0,1000000.0,1000000.0,0.0,897.53,1087.85,986.8109999999999,64.23861705478339,23.054016,25.602682,25.023530400000002,0.743482343840151,2582.888728,2615.485879,2598.3749987,10.61191889237266
11,1000,1000000,20035178,0.202751,0.240329,0.2175125,0.009719668447134512,282.11312,430.069094,409.770777,45.023695203954,0.0134,0.015822,0.0147261,0.0007478959300746476,10.303469,11.90615,11.6358829,0.4750370913320466,2.869018,3.442652,3.2592929,0.1475425975969501,0.960627,0.999163,0.9723877,0.012436775261296648,0.0,0.0,0.0,0.0,1.0,1.0,1.0,0.0,0.0,0.0,0.0,0.0,0.03,0.03,0.03,0.0,25.313969,27.018181,25.7871832,0.5366839076890604,323.829131,472.606841,452.6351816,45.42380297293344
5,300000,10000,20035178,0.682354,0.725581,0.7084012,0.012967255331967685,1.754145,3.000367,2.8142837,0.3751574917024256,0.733047,0.857789,0.7731878,0.045061292077939054,0.07505,0.090084,0.0850413,0.004129714680755128,0.142126,0.160302,0.1516027,0.0065035987482145435,2.692696,2.737487,2.7095788,0.015218168277862256,9.0,13.0,11.4,1.3498971154211057,50.0,60.0,52.8,2.8205594401741574,30.0,30.0,30.0,0.0,5.44,5.54,5.485,0.03240370349203928,0.269931,0.357437,0.3280107,0.022746991503395698,5.851866,7.268727,7.0468009,0.424967407536795
10,300000,1000000,20035178,0.484058,0.536582,0.5221645,0.01476284794302539,251.479291,385.269572,368.3431306,41.24504993736144,2.160331,2.357505,2.2292959,0.0759108038372083,10.829844,12.484109,12.1423311,0.47070857235034524,5.790612,6.527034,6.3415856999999995,0.2048171478368231,1.167118,1.186053,1.1797716,0.005339676794213913,0.0,0.0,0.0,0.0,64.0,75.0,68.5,3.5668224265054493,0.3,0.3,0.3,0.0,0.55,0.55,0.55,0.0,22.952164,24.829262,24.5285164,0.5647831000613717,295.344266,433.667921,415.9237163,42.54996670991244
20,1000,10000,20035178,0.391988,28.511403,15.9512126,7.141105682283198,6.564901,11.93077,11.1808958,1.62715946596111,0.004279,0.008177,0.0061275,0.0011568386279473518,0.112882,0.143156,0.1213463,0.008967078764384013,0.043808,0.056898,0.0485586,0.0037430676130088204,0.011954,0.015402,0.0135416,0.0012631276173759238,0.0,0.0,0.0,0.0,2.0,3.0,2.6,0.5163977794943223,0.1,0.1,0.1,0.0,0.32,0.32,0.32,0.0,0.265816,0.281464,0.2750004,0.005038760941166207,7.351119,24.637271,18.3816135,4.653103252835305
10,300000,100,20035178,0.513437,0.577121,0.5539816,0.017566492688575526,0.299346,0.474489,0.38371310000000003,0.05011554001493837,0.576407,0.787203,0.7472407,0.061968635213576664,0.004653,0.009473,0.0082938,0.0013982068516496405,0.02164,0.032659,0.0306645,0.0032222973947170054,3.128457,3.156924,3.1419871,0.01096997913955281,2840.0,2872.0,2858.5,12.149531312405063,3117.0,3165.0,3139.2,14.920530225907598,3000.0,3000.0,3000.0,0.0,53.94,61.24,57.703,2.219284419206636,0.049231,0.089232,0.073207,0.012115841026432206,4.109493,4.507699,4.4103031999999995,0.11128214140023651
12,1000,100,20035178,0.251514,0.300733,0.2729919,0.01421576486745143,0.162019,0.294206,0.2391118,0.03874809706237915,0.003405,0.005637,0.0050872,0.0007326526841249921,0.004876,0.010753,0.0088586,0.0015804349049830838,0.005943,0.010511,0.0083364,0.001258143800295587,0.007358,0.008925,0.007916900000000001,0.00044000844688861767,3.0,5.0,3.8,0.6324555320336759,18.0,20.0,19.2,0.7888106377466154,10.0,10.0,10.0,0.0,2.81,3.24,2.941,0.14129952425806525,0.012661,0.019361,0.0163598,0.001966743094560141,0.213625,0.370262,0.3118004,0.04361543788920003
15,1000,10000,20035178,0.284186,0.33127,0.3134164,0.013636369036106676,4.67029,5.758279,5.5899256,0.32821773994211706,0.004461,0.007625,0.0055125,0.001067397900399742,0.088054,0.142657,0.1108806,0.014999333979287956,0.040476,0.04312,0.0417124,0.001081553943792602,0.012032,0.014567,0.0132244,0.0007810133303742147,0.0,0.0,0.0,0.0,3.0,3.0,3.0,0.0,0.1,0.1,0.1,0.0,0.32,0.32,0.32,0.0,0.248292,0.305925,0.2702742,0.016203998106091664,5.34338,6.531576,6.2722431,0.33620690740489956
14,300000,1000000,20035178,0.506341,0.553028,0.5360716,0.01397225582041464,405.703083,553.77668,529.5485282,43.878695852511946,1.682848,1.855922,1.7649107,0.059688830814576294,11.300602,11.779267,11.5029978,0.148155133898972,8.417373,8.859322,8.7146662,0.1467257876431787,0.837889,0.872543,0.8541359,0.009654466064412292,0.0,0.0,0.0,0.0,60.0,73.0,65.3,4.620004810002306,0.3,0.3,0.3,0.0,0.55,0.55,0.55,0.0,25.62877,27.622659,27.2480483,0.5960008935056781,455.253301,605.203162,581.057169,44.55289664210762
32,1000,100,20035178,12.27827,28.24595,21.3954029,5.621219736218911,8.488579,12.932151,9.8338044,1.974322776472603,8.035365,8.087634,8.0700399,0.017670676076168443,12.096875,12.123699,12.1155226,0.008315364523311776,8.060861,8.09165,8.0787245,0.009105055948940259,8.059972,8.081803,8.0702552,0.007183034499584821,2.0,4.0,3.1,0.5676462121975467,39.0,42.0,40.1,1.1005049346146119,10.0,10.0,10.0,0.0,4.1,4.48,4.296,0.12084884957848997,12.09603,12.133507,12.1127413,0.01263966340137252,69.143166,77.547227,71.8047756,3.277480500595821
28,100000000,100,20035178,62.010484,94.243088,71.0792411,9.350765618710428,14.16921,18.909497,15.8497375,1.6355904657192872,84.371187,102.472908,92.9666943,6.365463008985319,0.015143,0.039472,0.0293629,0.008758918584315456,9.869381,15.73376,12.0058091,1.543158571617062,723.102482,725.603982,724.4752561,0.8662709110016633,997101.0,997950.0,997575.9,274.3033397941451,1002305.0,1003146.0,1002706.8,276.0063606352417,1000000.0,1000000.0,1000000.0,0.0,947.84,1071.49,1001.816,39.85502288155017,36.317101,47.941598,44.4505756,4.806845506134031,882.877222,908.809176,899.0876509,8.449345360052996
2,1000,100,20035178,0.041647,0.050758,0.0466228,0.0027686367604131644,0.026719,0.039866,0.0308022,0.003683672225737065,0.00593,0.012573,0.007863,0.0021268512981504947,0.001783,0.002618,0.0021276,0.00024140201600925655,0.003732,0.004723,0.0043759,0.0002741173511878119,0.01969,0.021632,0.020851,0.0006471403763223764,2.0,4.0,3.2,0.7888106377466154,17.0,20.0,18.5,1.0801234497346435,10.0,10.0,10.0,0.0,2.69,3.4,3.038,0.22518140835039357,0.006321,0.007737,0.0069275,0.0005377151765675867,0.07921,0.092315,0.0845374,0.004002568070071457
25,300000,10000,20035178,12.745763,37.962189,23.6739955,8.31046075334292,15.784246,20.51981,17.769433199999998,2.000059084810235,0.202817,0.413016,0.3247373,0.062173257788305666,0.115893,0.15485,0.1358133,0.014797972579227044,0.218937,0.240826,0.2319369,0.00745718128830637,0.556456,0.601156,0.5650824,0.013058401843683306,10.0,13.0,11.7,0.8232726023485646,52.0,56.0,53.6,1.0749676997731399,30.0,30.0,30.0,0.0,5.45,5.48,5.469,0.009944289260117648,0.378785,0.414647,0.3961724,0.01227995716785871,21.719225,34.341639,28.1490252,5.199716814286711
19,300000,100,20035178,0.639361,16.577261,12.1782733,4.376937311836289,0.470975,9.172328,7.013714,2.876633566224937,0.323194,8.58461,5.8682366,3.809011239460539,0.011779,12.083049,8.453973,5.824079287331308,0.029146,8.091819,5.667571,3.8859811078663546,1.862635,11.580283,8.5305404,4.592464926675487,2826.0,2876.0,2849.8,14.389811210251045,3123.0,3175.0,3151.8,14.226735395022992,3000.0,3000.0,3000.0,0.0,55.39,59.34,57.205,1.284689759349618,0.026806,12.101124,8.4727759,5.827224754198376,2.754271,77.017539,54.873554,31.45203416647081
14,100000000,100,20035178,62.895052,63.45848,63.0842902,0.1862399911057419,4.820512,7.118644,6.0734125,0.718987215829206,143.317991,162.486967,152.8535564,5.482650225545531,0.007594,0.016596,0.0106561,0.0023027210691315223,9.551571,12.157564,11.6551862,0.7641571919051737,1429.261243,1434.361195,1431.7276517999999,2.0479888010936733,997263.0,997964.0,997584.8,235.36203790944896,1002508.0,1003275.0,1002853.0,260.6705029555725,1000000.0,1000000.0,1000000.0,0.0,1014.07,1094.07,1062.214,24.68150913808419,27.056819,29.818098,29.0348706,0.783047797491911,1621.172369,1643.362686,1631.4127062,6.860928738660509
3,300000,1000000,20035178,0.996354,1.055951,1.0436296,0.018617714677753066,78.581491,93.470901,88.99511820000001,3.993045580894246,6.15276,6.816025,6.427667,0.19848756032389875,8.886566,11.118068,10.5928152,0.6150566621342567,8.627897,10.592883,10.2755962,0.5848977014695815,3.789502,3.867148,3.8370403,0.024699569015807984,0.0,0.0,0.0,0.0,59.0,92.0,72.6,11.187294380481616,0.3,0.3,0.3,0.0,0.55,0.56,0.551,0.003162277660168382,22.316448,25.725353,25.2437855,1.037991332224273,129.398015,151.457763,146.2015456,6.1143640944612905
20,300000,1000000,20035178,0.586702,21.816249,15.7621934,6.089532721811077,708.932554,800.58812,774.822615,24.403052973143456,1.277329,10.63365,2.876921,3.1529210277959354,11.330161,24.217207,14.0583635,5.335386729335607,9.325313,24.486061,12.5531224,6.270887978770598,0.599311,9.18324,2.3233772,3.60647103344024,0.0,0.0,0.0,0.0,67.0,79.0,72.9,4.605552204797066,0.3,0.3,0.3,0.0,0.55,0.55,0.55,0.0,28.912237,50.303826,34.3654389,6.988521848057975,762.547255,916.132191,849.9415855,41.60017107697801
12,1000,10000,20035178,0.214531,0.274837,0.2602218,0.017557806005686852,2.743857,4.713101,4.3847167,0.5807874384907767,0.00374,0.008037,0.0055544,0.0015377869524453352,0.073985,0.10812,0.0870513,0.009805633483417125,0.032597,0.055011,0.043307899999999996,0.005424243387074571,0.012031,0.015957,0.0141431,0.0012502642787293678,0.0,0.0,0.0,0.0,3.0,3.0,3.0,0.0,0.1,0.1,0.1,0.0,0.31,0.32,0.318,0.004216370213557843,0.240669,0.287947,0.2599094,0.01308424600808163,3.344743,5.432589,5.0651929,0.6153829920437895
27,1000,10000,20035178,24.297733,34.723225,29.2184119,3.173576605466928,13.105994,22.066937,16.4343374,2.8725181109528735,0.005783,8.042392,0.8109660999999999,2.5408643483362745,0.160728,12.216509,1.3800901,3.8075544635118472,0.051727,8.167946,0.8659375,2.5656656870892527,0.01228,8.070872,0.8206933999999999,2.547453718833778,0.0,0.0,0.0,0.0,2.0,2.0,2.0,0.0,0.1,0.1,0.1,0.0,0.32,0.32,0.32,0.0,0.273407,12.492456,1.5075315,3.859718520834252,17.933614,91.357334,34.1955064,21.176201401232404
22,1000,1000000,20035178,13.312813,35.975733,23.866395400000002,7.390024752189282,798.907727,871.185832,859.3188982,21.450618589077,0.016164,8.059169,1.2257004,2.714559003352282,11.724692,24.449067,14.4714437,4.908929625796625,4.219939,15.297152,6.8694554,4.393792657055158,0.471557,9.006907,2.2002656000000003,3.5844930772766244,0.0,0.0,0.0,0.0,1.0,1.0,1.0,0.0,0.0,0.0,0.0,0.0,0.03,0.03,0.03,0.0,30.974798,46.217692,34.2180668,4.599914607809289,853.159499,975.378946,927.7857654,32.35348481666709
26,100000000,100,20035178,67.863983,84.066148,79.4329215,4.584108912928014,13.517425,15.489275,14.3165824,0.7146855958502467,88.693647,103.327017,96.1258329,4.118958786398422,0.016242,0.032295,0.0252011,0.004854000582566462,10.407198,13.061424,12.1284201,0.7910163623223326,723.358148,725.573397,724.2137969,0.7579631323661514,997000.0,997922.0,997509.9,294.78860599117843,1002597.0,1003191.0,1002912.8,182.04321831184302,1000000.0,1000000.0,1000000.0,0.0,941.97,1069.6,996.799,48.19820800034418,35.938514,46.734198,37.8624956,3.2109497625219583,882.488908,899.020564,891.5663738000001,5.240766330875941
29,100000000,10000,20035178,59.881249,73.326928,65.1287066,5.249430923917525,289.961824,303.427616,294.5919022,4.150773949229495,178.069384,197.471265,181.4064518,5.7642949554444884,0.15331,0.208844,0.1716009,0.016492965298036073,11.724022,13.262552,12.2511436,0.5551511836426382,407.670627,408.738963,408.0947696,0.3388739298687851,9497.0,9594.0,9545.6,31.277254781496836,10420.0,10459.0,10438.7,13.191327117129312,10000.0,10000.0,10000.0,0.0,103.39,106.01,104.19,0.951957048517539,9.394542,12.302382,10.7221704,0.9404247596802202,907.848389,941.727592,914.7420055,10.032285194427159
1,1000,10000,20035178,0.011885,0.014017,0.0124478,0.0008337358761089217,0.55412,0.658648,0.5989924,0.03369322777387501,0.014636,0.018042,0.0162365,0.0011009161084196096,0.059867,0.060859,0.0604147,0.00034641017755128293,0.045709,0.062512,0.0477429,0.005193324314283995,0.100015,0.111339,0.1036161,0.003897370465383606,0.0,0.0,0.0,0.0,2.0,4.0,3.2,0.6324555320336759,0.1,0.1,0.1,0.0,0.31,0.32,0.316,0.005163977794943227,0.17946,0.186723,0.1817287,0.002259364859128921,1.06555,1.157955,1.097453,0.03322565983961462
29,100000000,1000000,20035178,60.205675,76.909057,63.9135113,5.8894336652515085,1407.058276,1463.814135,1432.9725008,15.849106137686139,312.578003,414.788531,340.3267053,33.54222640231647,18.302827,27.627318,19.4951859,2.8628313324995216,63.569141,95.176572,68.903344,9.345121802194207,207.975708,209.169709,208.4510079,0.3992779126571842,52.0,57.0,55.1,1.66332999331662,22659.0,22771.0,22689.5,35.619127196244186,100.0,100.0,100.0,0.0,24.83,25.02,24.872,0.0711492953037641,49.918357,64.353423,55.8913275,5.490848840663573,2089.135858,2246.374035,2136.2681799,54.8830473909058
20,300000,10000,20035178,0.58152,26.433073,15.7583174,7.80014774701497,9.119452,14.465157,13.6258495,1.6082956794140977,0.22112,0.433018,0.3578155,0.08047103593805938,0.093641,0.146807,0.11595180000000001,0.015732465885691424,0.18496,0.208785,0.1966797,0.006322865754105837,0.695558,0.708152,0.7007916,0.003968876616877872,10.0,13.0,11.7,0.8232726023485646,54.0,59.0,56.3,1.4181364924121764,30.0,30.0,30.0,0.0,5.47,5.51,5.4879999999999995,0.013984117975602103,0.353866,0.386202,0.372467,0.008930895749525287,10.94009,24.584395,22.0281129,4.274697767927289
25,1000,100,20035178,12.324244,16.405009,13.3856471,1.708037831145789,8.42661,9.919851,8.6366137,0.4525148008690616,8.027947,8.064946,8.0477014,0.010723327843745935,12.05782,12.106827,12.0930387,0.014173301654480214,8.040194,8.072731,8.0601036,0.010828682234387054,8.042094,8.082241,8.062183300000001,0.010863067615140347,3.0,4.0,3.1,0.31622776601683794,30.0,31.0,30.7,0.48304589153964794,10.0,10.0,10.0,0.0,3.41,3.7,3.528,0.0859974159818512,12.080394,20.106794,12.8936818,2.534443293924364,64.854879,77.99177,70.0047753,3.897304888842833
29,300000,10000,20035178,21.415046,33.767124,30.3756469,3.481250603408125,17.948027,27.136137,21.7295162,2.542459750136068,0.21154,8.561168,1.1723325,2.5969996968457125,0.132312,12.201626,1.3638230999999998,3.808068678044859,0.273547,8.635303,1.1344952000000001,2.6356005339070387,0.483724,8.995236,1.3716555,2.6805348299864113,12.0,13.0,12.4,0.5163977794943223,52.0,55.0,53.4,1.1737877907772674,30.0,30.0,30.0,0.0,5.44,5.5,5.466,0.021186998109427535,0.389991,12.591439,1.620067,3.8549613060513472,24.232938,94.489839,40.1958461,19.589339787888314
15,300000,10000,20035178,0.509918,0.56893,0.5459257,0.017334828679408547,5.983388,7.750045,7.4027575,0.5089727836498509,0.274298,0.395496,0.3092553,0.045873391190803026,0.083837,0.129449,0.1006566,0.011489828131390345,0.162637,0.185048,0.16956,0.006659050299321132,0.917864,0.944621,0.9296805,0.008788215041241948,12.0,13.0,12.3,0.48304589153964794,52.0,57.0,54.4,1.9550504398153574,30.0,30.0,30.0,0.0,5.46,5.52,5.495,0.019578900207450976,0.333887,0.356207,0.3415956,0.006720016917968119,8.105786,10.047373,9.504657400000001,0.5181846103341508
27,100000000,1000000,20035178,47.009569,85.477198,74.5936253,10.55112978950046,1315.276644,1361.626833,1339.3294393,15.267219348692743,317.088284,472.625399,363.269052,58.97211144171319,13.412922,25.235005,16.0027686,4.86472343632412,63.036195,98.589332,71.6826797,13.542823227089404,223.313106,224.015368,223.6219905,0.23125902627921308,51.0,57.0,53.8,1.7511900715418263,22640.0,22727.0,22675.6,28.17879423333164,100.0,100.0,100.0,0.0,24.82,24.9,24.858,0.024404006956964038,45.512012,58.84747,53.9282521,3.62644517933905,2008.166709,2228.716482,2076.2527028,78.38182509180515
17,100000000,100,20035178,52.229162,103.746317,87.01392440000001,17.47821644181855,6.176675,11.579754,8.8874684,2.0446693664480167,116.881717,129.71653,123.9901722,4.8228128945774635,0.010595,0.02406,0.0185421,0.003464494301722355,9.17153,14.102337,12.518289600000001,1.6054402430118107,1075.765714,1078.874639,1077.4640458,0.9884817922450349,997213.0,998021.0,997669.5,271.0208069093179,1002560.0,1003217.0,1002923.0,218.35292532961404,1000000.0,1000000.0,1000000.0,0.0,1009.01,1140.91,1048.827,43.159749008126155,29.9069,32.239882,31.3618213,0.6391625566139999,1250.159752,1270.11065,1257.5085191,7.351952078655677
5,100000000,100,20035178,174.154804,174.78513,174.4261506,0.21107234450575574,6.038524,8.382494,7.547991,0.665321544910095,327.5342,391.436673,356.7591353,18.185681074677365,0.003601,0.009958,0.0065401,0.0018183469568692208,16.796152,18.932087,18.5601788,0.6449210514759496,3544.771834,3571.370945,3559.1849461,8.851896071977565,996319.0,997973.0,997140.3,476.30826852645197,1002037.0,1002534.0,1002266.2,170.94690533743056,1000000.0,1000000.0,1000000.0,0.0,851.43,1102.39,971.582,96.98781433195046,21.344832,23.054167,22.4108838,0.5090431636127177,3934.146643,4012.304796,3964.5188893,24.638594609647168
17,1000,1000000,20035178,0.347279,16.417003,10.8196853,5.73928740818353,479.00919,676.766367,642.4967947,65.75291874424714,0.013295,8.047842,0.8215131999999999,2.5390763231634623,11.460196,24.207505,12.9445066,3.963522005238921,3.772711,15.306504,5.2970919,3.523997256183616,0.628598,9.250938,1.4982019,2.7240451451780494,0.0,0.0,0.0,0.0,1.0,1.0,1.0,0.0,0.0,0.0,0.0,0.0,0.03,0.03,0.03,0.0,26.147574,41.784497,31.074839,4.044675044714883,528.007619,776.803899,700.6386788,73.06083949026254
14,100000000,1000000,20035178,63.064995,63.829286,63.3926199,0.22037120301560376,736.612908,887.31965,863.1151322,45.24299916423909,537.317556,574.603068,553.9394368,13.133004381012595,11.234457,12.041852,11.521703800000001,0.2510780013947858,21.945763,27.507767,26.7452696,1.6892158112500475,426.053016,429.586418,428.4395898,0.9715429659371456,52.0,57.0,54.8,1.5491933384829668,22587.0,22738.0,22660.0,51.8759203398948,100.0,100.0,100.0,0.0,24.7,24.95,24.834,0.07705697747626636,39.965164,51.376803,46.6346039,4.663506340428708,1783.840924,1981.606703,1931.8608156,55.15535640232914
6,1000,10000,20035178,0.112986,0.486116,0.1710182,0.11150330361902087,1.313656,2.180055,2.0235524,0.2538613159875552,0.005671,0.006883,0.0062723,0.0004410286082935362,0.072768,0.086031,0.0827039,0.0037183192574064957,0.033709,0.045533,0.0429876,0.0033404167803833484,0.020136,0.021847,0.0210132,0.0005203340380093454,0.0,0.0,0.0,0.0,3.0,3.0,3.0,0.0,0.1,0.1,0.1,0.0,0.32,0.32,0.32,0.0,0.241132,0.258577,0.2481323,0.0048742178871190285,1.83732,2.816591,2.6139427,0.2782472056347856
8,100000000,10000,20035178,109.452729,110.725032,110.2769088,0.36561053500831403,147.192406,237.774999,226.0543656,27.81465784726821,262.994253,292.443773,287.308912,8.633164992925684,0.073493,0.088917,0.0835951,0.004415096210100572,14.129187,16.225977,15.9450366,0.6404163443046165,1469.09589,1476.19616,1472.6299510000001,2.3784847524602744,9499.0,9643.0,9579.5,41.32325145860513,10338.0,10446.0,10389.3,34.11109301483414,10000.0,10000.0,10000.0,0.0,98.62,114.46,104.913,5.500497048247347,5.801648,8.078568,7.0164572,0.5999978637652341,1903.527118,2026.662438,2009.3074678,37.39603206086295
23,300000,100,20035178,12.438394,16.94146,13.1434161,1.3896320969417646,8.578487,13.003031,10.6409934,2.0081447385860742,8.365757,8.850131,8.4494219,0.1425916837612829,8.048198,12.096236,11.6837621,1.2774176724227195,8.07978,8.105539,8.0921391,0.008061565831496892,10.52251,11.100559,10.7868259,0.203283084365101,2836.0,2879.0,2862.0,17.770137247015786,3104.0,3144.0,3123.8,13.289929353545196,3000.0,3000.0,3000.0,0.0,52.94,57.44,55.375,1.4462921942370812,12.067726,12.110445,12.1001063,0.012239234889394742,71.763273,77.074234,74.5350218,2.0496416907869435
3,100000000,1000000,20035178,290.413815,292.741012,291.7100279,0.9299538235750605,206.557308,305.319225,292.3161121,30.222786651966675,2151.475697,2390.02776,2255.8471049,81.44819327590355,8.86339,11.048175,10.5917923,0.6276015696937117,32.69984,38.261125,37.333701,1.656614921500333,1974.005442,2008.141915,1983.3873933,12.144223708098528,47.0,59.0,54.3,3.917198545446024,22661.0,22893.0,22754.3,71.16186556795087,100.0,100.0,100.0,0.0,24.63,25.91,24.93,0.5046891232344037,91.107139,101.610508,99.4625127,3.0223004014225836,4593.07342,4822.113405,4679.6613255,86.50025729334281
7,100000000,10000,20035178,125.043327,125.753602,125.3746994,0.20285188912340152,126.396587,206.397328,196.6637461,24.716060552051832,289.831825,318.745247,313.9898121,8.592948410914602,0.073291,0.096037,0.0833064,0.005833085408064738,15.515532,17.993423,17.613629,0.7416320851233745,1677.224602,1687.666694,1683.4819031,3.3448254831447315,9528.0,9623.0,9587.5,33.79431247348517,10344.0,10505.0,10386.7,46.48070089354888,10000.0,10000.0,10000.0,0.0,99.42,117.69,104.78,5.6918069772846875,25.203585,30.072318,28.0043129,1.7550370791655943,2140.419905,2258.86384,2240.0369004,35.22341182369739
16,300000,10000,20035178,0.536021,0.933797,0.630765,0.15406494332946452,6.522406,8.200996,7.9050786,0.49713162263444427,0.265073,0.688269,0.3373708,0.1296200232575542,0.090956,0.12372,0.1026892,0.009326293592728989,0.163064,0.176333,0.17106939999999998,0.003952199252736801,0.861724,0.885827,0.873344,0.00763512935202949,11.0,13.0,12.2,0.6324555320336759,52.0,59.0,55.7,1.888562063228706,30.0,30.0,30.0,0.0,5.49,5.54,5.51,0.01825741858350547,0.332645,0.36559,0.3490432,0.008939808770015413,8.478143,10.331214,10.0036205,0.5464816774694587
4,100000000,100,20035178,217.15567,218.379868,217.7936568,0.3776235103247111,6.418872,9.721966,7.8776227,1.0588163971762738,417.258196,516.069666,470.362153,35.9347669865669,0.003746,0.009381,0.0063415,0.0017277217657944812,20.722795,22.528132,22.2594232,0.5428140246067089,4384.10966,4459.008804,4435.3994628,24.687935466687904,996378.0,997985.0,997323.3,538.1604572781038,1001842.0,1002767.0,1002279.2,274.4261892264172,1000000.0,1000000.0,1000000.0,0.0,878.33,1187.54,972.891,121.4136413212654,21.499787,22.699279,22.0598654,0.4889239282856452,4896.518764,5016.222174,4958.011136,41.44288853739618
21,1000,1000000,20035178,0.433865,28.277635,19.9205721,8.470808266748541,758.971234,838.847556,822.9112457,23.479045888386718,0.016052,8.065046,0.8246162,2.544029167895194,11.753586,23.920668,13.1330495,3.79327355427479,4.037459,15.041354,5.6116612,3.320702133959818,0.518332,5.020683,0.9766591,1.4209473892049354,0.0,0.0,0.0,0.0,1.0,1.0,1.0,0.0,0.0,0.0,0.0,0.0,0.03,0.03,0.03,0.0,29.045467,46.557043,32.5908971,5.0028685789502685,806.084712,943.018463,885.3474059,33.40796878557285
26,100000000,10000,20035178,38.584567,82.204151,75.2788351,12.96750189429677,283.446023,302.148069,296.5046597,5.437474276744443,186.972139,192.002326,189.442517,1.53569775449027,0.138619,8.223039,0.9699762,2.5485709655074373,11.352343,21.461166,13.7541429,2.8024083568449334,454.301097,586.975422,468.2083925,41.73299566601069,9471.0,9563.0,9513.0,34.221500713894926,10394.0,10483.0,10434.6,26.132993195065378,10000.0,10000.0,10000.0,0.0,104.29,105.67,104.73,0.49017003852404617,10.651091,15.741042,12.2973175,1.3492211668910865,951.315546,1134.091606,988.3062723,51.89368469506668
14,1000,1000000,20035178,0.274083,0.514243,0.3147422,0.0711822982501814,409.504487,555.955326,535.4807857,44.58475237155788,0.011738,0.022533,0.018186400000000002,0.003438142302012657,11.46001,11.916035,11.6295968,0.16117771400110575,3.07301,4.119962,3.7434757,0.29716596610238977,0.757631,0.794027,0.7748507,0.01290135433932766,0.0,0.0,0.0,0.0,1.0,1.0,1.0,0.0,0.0,0.0,0.0,0.0,0.03,0.03,0.03,0.0,25.5393,28.145418,27.105077,0.6348860974199315,452.00457,600.419711,580.1408432,45.32395948004078
24,300000,100,20035178,12.613077,16.690355,14.3019968,2.047541812772943,4.660817,12.763749,9.4646759,2.530346347305332,0.314758,15.909279,8.35551,3.678214025620254,0.016584,12.099313,10.8828903,3.8180372209688827,0.03624,8.102516,7.283234,2.546342077267005,1.583868,11.127917,9.8814793,2.9201104244025524,2847.0,2887.0,2860.3,11.557104597028905,3102.0,3137.0,3113.8,12.127104628338401,3000.0,3000.0,3000.0,0.0,50.49,57.72,54.925000000000004,2.044604009473608,0.026911,12.115999,10.9003652,3.820547150400546,14.679179,82.337206,68.2842104,19.38986880936972
10,100000000,1000000,20035178,87.940879,88.485226,88.1521666,0.19454863693300237,463.153473,733.257093,699.511342,83.21420468716053,702.289377,763.678728,730.1260681,21.711584716072764,10.527282,12.36253,12.0053799,0.534939282244142,20.680171,24.53934,24.0793931,1.1966972742256958,596.090964,604.307827,599.1660656,3.2498401276120266,47.0,57.0,52.9,3.784471194529326,22593.0,22810.0,22715.1,71.76264890441111,100.0,100.0,100.0,0.0,24.72,25.19,24.947,0.18024982662959768,50.840191,57.897739,56.6997974,2.071353229728131,1859.72265,2188.926142,2122.8564896,95.29583296929472
11,300000,100,20035178,0.511671,0.572178,0.5450607,0.016044539466054414,0.312434,0.493297,0.4128913,0.05771383232438015,0.562904,0.862805,0.7188785,0.0940086275228089,0.00481,0.010071,0.0085246,0.0014867473969111978,0.021548,0.033362,0.0305396,0.0032607051112025177,3.044497,3.096133,3.0660606,0.016145257770902602,2825.0,2892.0,2851.3,24.170919166083305,3128.0,3161.0,3143.2,11.764352935882194,3000.0,3000.0,3000.0,0.0,53.98,61.39,58.178,2.039949890452106,0.048082,0.085077,0.0650826,0.01277375784959148,4.025942,4.512555,4.3278824,0.14198322845024883
27,300000,1000000,20035178,13.399213,29.290588,24.9935185,5.461806409525785,1003.346219,1065.241587,1044.8471375,18.003079707907514,1.078739,9.720493,2.8484225,3.6154777417003583,13.769888,26.607125,16.2633441,4.7939241377775135,12.786893,27.971586,16.182953,6.166945437385459,0.450592,8.942197,2.1554256,3.5720040481901663,0.0,0.0,0.0,0.0,63.0,68.0,65.6,1.505545305418162,0.3,0.3,0.3,0.0,0.55,0.55,0.55,0.0,37.382344,49.429293,40.7144507,3.6053686533944553,1084.237406,1200.538971,1138.4644705,33.034941136738496
4,1000,100,20035178,0.087388,0.110139,0.1023389,0.006434049087126672,0.049973,0.110748,0.0819367,0.015322322394685041,0.004741,0.007492,0.0064212,0.0009397210933746956,0.003062,0.005829,0.0048832,0.0008180135559865605,0.004165,0.007623,0.0067114,0.001007303683658067,0.012687,0.014495,0.0137326,0.0005668631424093667,1.0,5.0,3.1,1.3703203194062976,17.0,22.0,18.8,1.398411797560202,10.0,10.0,10.0,0.0,2.97,3.52,3.236,0.16480291259562133,0.008214,0.014775,0.0121502,0.0017950513332183255,0.099625,0.173641,0.1461142,0.019145879033242517
8,300000,1000000,20035178,0.520724,0.563171,0.5479224,0.01116217944867599,202.281093,306.711717,291.9144805,31.704091601923665,2.54233,2.843399,2.6574653,0.10454728786221297,8.931975,10.725474,10.203195,0.4802278835205915,5.90172,6.665851,6.5172374,0.22036584398938852,1.456034,1.486059,1.4704098,0.008982441783835818,0.0,0.0,0.0,0.0,66.0,73.0,70.2,2.6583202716502514,0.3,0.3,0.3,0.0,0.55,0.55,0.55,0.0,22.744096,27.858232,24.3853111,1.3009405641649734,244.73541,352.930068,338.2561798,33.06280099054329
28,1000,1000000,20035178,17.369994,30.817931,27.3539804,3.875074186368543,1066.70089,1103.979435,1086.4506656,11.497253173662694,0.012346,8.078888,2.0271273,3.420681336874117,14.713118,26.236831,18.2178096,5.082592506653583,5.510338,16.138809,8.5650983,4.617358304447085,0.396379,8.822304,2.0857635,3.54082379715268,0.0,0.0,0.0,0.0,1.0,1.0,1.0,0.0,0.0,0.0,0.0,0.0,0.03,0.03,0.03,0.0,35.195692,48.190258,40.6962173,3.6208012318104106,1141.06893,1222.77579,1173.2177194,25.55069828331689
4,300000,1000000,20035178,0.788993,0.850161,0.8281474,0.016087233746048427,92.820984,118.268399,113.8703491,7.689502747949765,4.660411,5.088441,4.9242863,0.1371478895272871,8.497534,10.221046,9.9273939,0.5117183446642086,7.716603,9.524602,8.6895979,0.4280636742563865,2.84358,2.939194,2.8864661,0.0290818868196149,0.0,0.0,0.0,0.0,58.0,89.0,71.5,11.167910378500636,0.3,0.3,0.3,0.0,0.55,0.56,0.552,0.004216370213557843,22.310608,25.883042,24.7935534,0.9432692059141032,139.855265,171.214872,166.043768,9.373224059595266
2,100000000,10000,20035178,434.020175,435.441141,434.650554,0.4969031704704193,29.176812,31.073722,30.6560364,0.5405846732287383,1059.056434,1118.828745,1085.9373822,21.09064160090919,0.066915,0.075916,0.0692229,0.0025234972403833165,37.107091,40.535057,38.5653579,1.3788722470438943,5671.688074,5888.646559,5858.659518,65.82987917092898,9490.0,9650.0,9601.4,56.71017937235293,10352.0,10556.0,10397.9,58.4417088502153,10000.0,10000.0,10000.0,0.0,98.52,136.13,103.0,11.654488882448302,26.438104,28.656552,27.651329,0.8373656123507559,6837.407675,7095.09154,7041.6350136,74.90292117526721
1,1000,1000000,20035178,0.011402,0.01211,0.0116756,0.0002521230740024488,58.880122,59.984402,59.3069186,0.3707790390234541,0.070311,0.08147,0.075072,0.0031001328645362575,9.667583,9.893883,9.7399064,0.0723769827933348,3.5433,3.622162,3.5674067,0.02460540077593624,9.952464,10.146015,10.0397846,0.07157057458232705,0.0,0.0,0.0,0.0,1.0,2.0,1.6,0.5163977794943223,0.0,0.0,0.0,0.0,0.03,0.03,0.03,0.0,18.338816,18.50962,18.4021036,0.05080700288827218,101.16503,102.678967,101.6959702,0.5198071126063757
6,1000,100,20035178,0.138727,0.148409,0.1423228,0.003926115914969627,0.068761,0.150894,0.1320409,0.025091459691164508,0.004435,0.008187,0.0063904,0.0012204984591915261,0.003142,0.008215,0.0059333,0.0012977424029615603,0.004462,0.048992,0.0118113,0.01312134318200694,0.010195,0.012219,0.0112725,0.0006155142836143882,2.0,3.0,2.9,0.31622776601683794,17.0,24.0,20.6,2.1186998109427604,10.0,10.0,10.0,0.0,2.97,3.73,3.349,0.18923530326025317,0.008481,0.017349,0.0142729,0.0024473881974237124,0.114215,0.259974,0.2058026,0.03721379541155851
20,100000000,10000,20035178,44.637515,95.864024,78.4613725,13.067084013844084,269.456717,307.780841,299.4667861,11.086061788030367,225.663411,263.79569,251.1734515,10.231750983211276,0.122596,12.190741,1.3450103,3.8108217382975154,11.171251,23.113769,15.1092278,3.028971220655357,589.471835,594.339114,590.8282435,1.473996621086534,9460.0,9622.0,9544.6,56.30512114068015,10383.0,10428.0,10402.0,15.832456116050556,10000.0,10000.0,10000.0,0.0,102.18,107.68,105.22200000000001,2.327315095889585,10.514202,15.296844,13.1328514,1.4646800178003387,1109.901102,1209.383019,1176.5215306,25.90936503720843
30,100000000,100,20035178,60.732634,76.950324,66.9006489,5.778988750972852,12.452928,19.628966,15.2827828,1.753961175996448,87.51004,102.80159,91.8031611,5.658787815869217,0.028532,0.042596,0.0350836,0.004573216329893001,9.541062,12.399793,11.4019425,0.8526561364649815,722.428852,724.660601,723.7627493,0.7413953039206259,997243.0,998015.0,997664.2,286.4191955081844,1002535.0,1003557.0,1002986.6,353.50002357378514,1000000.0,1000000.0,1000000.0,0.0,982.22,1112.04,1027.195,34.47029776166397,48.759127,60.743831,55.8151119,4.844864987051238,894.91531,920.686324,906.9983295,8.251446241792456
29,1000,10000,20035178,13.112576,34.004536,26.8694383,6.818296668261625,13.710506,22.498423,17.4354975,2.633110654764236,0.005492,8.054118,0.8131212000000001,2.544227824562878,0.168963,12.249547,1.4054414,3.810311104447865,0.051196,8.161506,0.8650804,2.5637034459769414,0.014778,8.061824,0.8214722999999999,2.5440007339687116,0.0,0.0,0.0,0.0,2.0,3.0,2.2,0.4216370213557839,0.1,0.1,0.1,0.0,0.32,0.32,0.32,0.0,0.279213,12.541278,1.521185,3.8720903603820163,22.55833,87.870716,35.0231562,19.305489065822485
21,1000,100,20035178,0.464274,16.284326,11.8389446,4.3457740641764255,0.386139,12.413192,7.6003355,3.153638438047014,0.004806,8.055499,7.2436674,2.5434820172805623,0.016368,12.086022,10.0668767,4.340965378079219,0.011921,8.058192,6.4426304,3.389138497373606,0.007385,8.054723,6.4403483,3.3904599685968226,2.0,5.0,3.6,0.8432740427115678,26.0,28.0,26.6,0.8432740427115678,10.0,10.0,10.0,0.0,3.13,3.42,3.268,0.1075794280210363,0.017648,12.083119,9.6655181,5.084823021224489,0.472755,73.170512,58.7404468,25.0673569376564
31,300000,100,20035178,16.499216,28.596692,21.7373238,4.385060063050342,8.631269,12.902877,10.4147317,2.0848150323259986,8.355252,8.469264,8.38777,0.031775613804719466,12.085662,12.132628,12.111062800000001,0.013860162262959365,8.089456,8.129198,8.1023396,0.012477502404995549,9.937743,10.268891,10.1805236,0.12270686923287301,2820.0,2862.0,2840.8,15.576335327098676,3108.0,3152.0,3133.6,14.025373831421076,3000.0,3000.0,3000.0,0.0,50.45,58.17,54.077,2.344672685045825,12.099422,12.141647,12.1238447,0.014274469066211165,67.792796,79.766214,73.7805527,3.780296602549477
22,300000,100,20035178,4.265812,16.629956,14.0951492,3.9210599613922654,0.583449,12.599795,7.8265408,3.1558343871356325,0.309491,8.503227,6.8068669,3.409737280203742,0.01651,12.10538,9.2697806,5.034335065536576,0.038633,8.103634,5.6776804,3.8906731668287375,1.567154,11.13787,8.1126799,4.512871134054866,2844.0,2880.0,2864.2,10.432854089099706,3111.0,3151.0,3131.5,14.2536545021502,3000.0,3000.0,3000.0,0.0,54.4,57.42,55.809,0.9586385021361176,0.027348,12.110536,8.481079,5.831380837599216,2.572632,76.22223,54.327001,27.6838814901599
29,100000000,100,20035178,59.586305,83.471198,69.1864714,9.046979346779187,14.526901,20.215085,16.2128023,1.9475434256853505,83.472616,110.205526,91.9171471,8.146393753663105,0.015589,0.043771,0.0315032,0.008658560822163873,11.053141,14.047505,12.0903804,1.0766418107135207,723.358504,725.200937,724.3730726,0.48458314767049854,997392.0,998138.0,997752.0,208.81091925471713,1002448.0,1003130.0,1002717.6,291.0968529163065,1000000.0,1000000.0,1000000.0,0.0,953.13,1038.91,994.376,29.95442731142689,37.375816,48.998069,43.334823,4.8088361361615695,885.762656,912.23131,896.4680945,9.354113098562108
30,1000,100,20035178,12.28582,20.163691,16.7311288,2.2009113223425736,8.319698,12.627527,10.5673837,2.1393224393014956,8.04074,12.044205,8.5398259,1.2547465877548032,12.083189,12.116107,12.1034039,0.010458688386536042,8.056102,8.080477,8.0685661,0.008213758977742514,8.054155,8.076782,8.0640035,0.007204566672912668,2.0,3.0,2.6,0.5163977794943223,37.0,38.0,37.2,0.4216370213557839,10.0,10.0,10.0,0.0,3.86,4.29,4.107,0.1423649457478131,12.092646,12.118331,12.1056691,0.008475808010645946,65.171434,74.433293,70.1052442,3.298144010495593
27,100000000,100,20035178,64.531263,81.712966,75.0807196,6.184700893508148,14.110556,18.166469,15.2686625,1.4501038370267179,86.527084,105.574626,91.9711762,5.652015461558307,0.01905,0.039539,0.0307184,0.0059075749715466535,10.120084,14.651702,12.403985800000001,1.1343400477835166,723.584744,725.969336,724.76204,0.7617359154181949,997053.0,997804.0,997484.2,295.78137571899657,1002700.0,1003185.0,1002920.7,149.32444169957205,1000000.0,1000000.0,1000000.0,0.0,951.91,1083.93,1009.315,43.74932564559649,36.466302,47.299975,40.5034231,4.569414366917432,880.140352,909.083849,893.4374456,9.002149359311405
23,100000000,10000,20035178,42.581822,84.97561,73.6890987,12.38841666350748,284.074566,305.103222,300.7644816,6.042901737168035,200.066901,207.596404,205.04174,2.0340029221025664,0.103732,0.182908,0.1341723,0.024184174352708882,10.838588,14.257643,13.2046519,0.9351691263144093,513.32406,514.71957,513.8708958,0.4205241979494876,9461.0,9633.0,9532.6,55.013533688437875,10393.0,10459.0,10419.6,22.809354806014717,10000.0,10000.0,10000.0,0.0,102.11,106.3,105.399,1.2104035139847646,10.426848,16.498533,12.7301087,1.5432221251590628,1021.56891,1062.490212,1052.8167197999999,11.561136459117346
7,300000,1000000,20035178,0.549298,0.589668,0.5781480999999999,0.011890133860100629,171.020919,266.51746,251.1238871,28.44598255584492,2.917142,3.267669,3.0909171,0.11303274479198987,8.299842,9.655939,9.4608362,0.4111542413063226,6.116366,7.075937,6.9252029,0.2870485562658732,1.665865,1.681196,1.6725603,0.0047720570698366275,0.0,0.0,0.0,0.0,63.0,79.0,69.8,4.4671641514002545,0.3,0.3,0.3,0.0,0.55,0.55,0.55,0.0,22.55127,24.514539,24.1365222,0.5755057317269939,213.716581,313.316369,297.4343553,29.72996663338863
12,1000,1000000,20035178,0.223058,0.26178,0.2472963,0.01255255256954183,306.151155,471.858846,447.2256319,49.82752126935928,0.014094,0.026972,0.0189067,0.003339493975306904,10.309774,12.098506,11.6696936,0.4926400661811147,2.943985,3.556904,3.368834,0.18089151966548586,0.874512,0.925488,0.8987328,0.01761334723567456,0.0,0.0,0.0,0.0,1.0,1.0,1.0,0.0,0.0,0.0,0.0,0.0,0.03,0.03,0.03,0.0,23.850521,25.684052,25.2711111,0.5180999590000732,345.21579,515.563775,489.7345131,51.05866367107386
7,1000,10000,20035178,0.139015,0.1596,0.1497494,0.007121999519485768,1.569557,2.673291,2.4757918,0.32288845307209246,0.004857,0.007736,0.0057094,0.0009949329625658203,0.073055,0.084174,0.0812435,0.00329256364993737,0.033746,0.044656,0.041934,0.0030445882042294883,0.017423,0.028016,0.0198099,0.002951785841749966,0.0,0.0,0.0,0.0,2.0,3.0,2.8,0.4216370213557839,0.1,0.1,0.1,0.0,0.31,0.32,0.319,0.003162277660168382,0.240199,0.258642,0.2510745,0.006053808906612247,2.107814,3.28307,3.0760411,0.3439162525255402
18,300000,1000000,20035178,0.539434,20.961991,15.0516841,5.9186952750999,602.052041,725.568942,700.1168026,35.23483317031268,1.39458,1.530868,1.4530693,0.04774489927160338,11.094385,11.562806,11.3259115,0.14753769844216447,8.783729,9.339788,8.9193468,0.15513297234652185,0.661107,0.689385,0.6754151,0.009863025684624147,0.0,0.0,0.0,0.0,61.0,77.0,69.3,4.522781838156198,0.3,0.3,0.3,0.0,0.55,0.55,0.55,0.0,28.538511,32.585488,30.6795984,1.0297153372047592,654.788,788.147982,761.3152224,38.12266435574242
32,1000,10000,20035178,28.398481,31.938868,29.076340000000002,1.0144234759402337,19.282888,23.688147,20.0897854,1.296334499887467,0.005126,8.053056,0.8131911,2.5438303075847584,0.181584,12.409133,1.4345309000000002,3.8561193488010557,0.044271,8.158559,0.8589279000000001,2.5648308418527743,0.01449,8.095418,0.825405,2.55442305339351,0.0,0.0,0.0,0.0,2.0,3.0,2.3,0.48304589153964794,0.1,0.1,0.1,0.0,0.32,0.32,0.32,0.0,0.279964,12.514366,1.5209338000000001,3.862719158613235,32.123354,89.221071,38.3737124,17.871282281896594
7,100000000,100,20035178,124.60302,124.942768,124.7975872,0.1363316312059998,4.221788,6.234925,5.6098508,0.7083702725897272,247.198138,301.587419,280.8185892,16.279578504847347,0.003763,0.007836,0.0064865,0.0011508430967483504,13.308725,15.577398,15.1638587,0.6744488084008632,2665.69956,2676.751709,2671.2642237,3.1530387066298955,997343.0,998139.0,997811.1,261.9548095038956,1001972.0,1003049.0,1002293.1,300.8046431379232,1000000.0,1000000.0,1000000.0,0.0,873.95,1056.83,946.781,60.169350161763305,22.713547,25.029055,24.2760153,0.6948002388551134,2957.840327,3022.714547,2997.1883543999998,17.66162819746043
8,1000,1000000,20035178,0.1443,0.182258,0.1655125,0.01001183260225397,195.476693,308.390445,294.2277624,34.75836706137818,0.016316,0.021517,0.0188221,0.0017128465229293347,8.737636,10.714933,10.2199378,0.5550070491531918,2.679068,3.025457,2.8411214,0.08307482529382769,1.299483,1.343075,1.3187167,0.013891806186461938,0.0,0.0,0.0,0.0,1.0,1.0,1.0,0.0,0.0,0.0,0.0,0.0,0.03,0.03,0.03,0.0,22.559543,24.104311,23.7909637,0.4456341016718752,231.806531,348.026449,333.5793267,35.81059562477818
25,100000000,10000,20035178,48.492019,80.092468,74.1799594,9.766045901472694,273.565014,304.81783,297.6240035,8.844156010334837,185.556274,193.771236,190.7779742,2.2529252194198426,0.143898,0.181609,0.160312,0.01297987143404912,11.703039,13.85333,13.1008046,0.7248210385883308,471.894423,473.935324,472.6066533,0.6357797190449586,9469.0,9581.0,9524.4,34.2870237845165,10378.0,10451.0,10422.4,24.626995125042942,10000.0,10000.0,10000.0,0.0,104.6,105.84,105.11,0.457772384002745,9.060495,13.201332,11.2750919,1.2255163044543447,958.407423,1004.354209,992.587733,12.9379103039619
18,100000000,100,20035178,49.40441,99.65284,89.181322,14.605739154350358,6.021251,13.588554,11.108286,1.9330140223955954,116.632544,133.840342,124.1261604,5.408645225110076,0.010255,0.02486,0.016712499999999998,0.005636643135176586,9.235653,14.866513,13.787727199999999,1.6324676187742968,1076.101955,1081.72951,1077.7926858,1.7762993323955787,997150.0,997893.0,997622.6,238.61554387293754,1002465.0,1003098.0,1002846.0,173.38332612387438,1000000.0,1000000.0,1000000.0,0.0,998.55,1155.15,1059.298,51.45694657780537,31.130878,41.193699,32.6737674,3.0070123996810163,1245.472063,1281.085359,1267.1776256,9.640385965252293
32,100000000,100,20035178,54.81811,77.519343,68.9033721,6.685696220221156,14.180486,18.918085,16.5500183,2.2328995022469007,74.575703,100.554107,83.4442523,9.224456719481184,0.020636,12.098509,1.2358031,3.8167697381946613,11.379099,18.543723,12.6803968,2.114409946613307,722.819245,748.262788,726.6355073,7.805660931215056,997399.0,998124.0,997644.4,217.55877877535124,1002664.0,1003556.0,1003070.3,300.4208344602248,1000000.0,1000000.0,1000000.0,0.0,986.73,1129.11,1045.251,39.3309090919597,40.345481,52.669914,43.8969301,4.20348425347667,868.247462,956.224821,892.5518237,25.552737436551226
9,300000,10000,20035178,0.496789,0.556594,0.5436385,0.017493905219628167,2.743337,4.596118,4.3389598000000005,0.5628564659582999,0.426709,0.55717,0.4692477,0.0482419519852218,0.072681,0.087389,0.0808389,0.0038320544953791506,0.155993,0.183484,0.1649389,0.00761973224157735,1.508503,1.543931,1.5207339,0.010497172587045626,9.0,13.0,11.3,1.3374935098492586,52.0,56.0,53.7,1.4944341180973262,30.0,30.0,30.0,0.0,5.41,5.51,5.48,0.037416573867739354,0.260019,0.336656,0.3165795,0.021579858290390448,5.400074,7.559679,7.1462943,0.6235959311119216
24,100000000,100,20035178,66.111335,83.526427,77.9104225,5.024615854687716,8.631165,13.852303,12.8807872,1.5160867104892708,92.751235,110.616207,100.1736819,5.398579824588367,0.015021,0.031279,0.0213248,0.006490453892705296,9.607707,13.421245,12.6068997,1.1282308272593131,898.792045,903.477304,900.9789018,1.3390526941077607,997315.0,998019.0,997705.4,200.39416713622734,1002391.0,1003361.0,1002979.2,340.66888453289783,1000000.0,1000000.0,1000000.0,0.0,972.57,1075.73,1008.552,31.256928049811783,34.377125,45.925083,37.4101746,3.8084744604129654,1056.609771,1091.197381,1071.3506945,9.490274027820124
12,100000000,10000,20035178,73.263612,74.458114,73.9695191,0.31663530813415486,186.84722,298.360601,283.31457009999997,34.04185622984349,199.361274,241.298952,235.1797751,12.657016122024357,0.085027,0.139105,0.0952196,0.017636005753382294,12.801494,14.798046,14.5065531,0.6028754970976733,980.577916,985.142045,983.0211167,1.5493136262733604,9560.0,9660.0,9616.9,26.710172843569048,10370.0,10440.0,10394.5,22.618822054013137,10000.0,10000.0,10000.0,0.0,100.34,108.18,104.589,3.4687444094049065,6.530896,10.74477,7.9875238,1.1465883619936534,1388.378155,1544.571667,1524.451876,48.055156001369525
32,300000,1000000,20035178,18.717158,33.919963,28.4012855,3.7855970944839,1197.909173,1283.327084,1221.1929106,23.564182325671418,0.978064,9.887884,2.7945101,3.6725258299291466,20.342523,36.860989,23.3898884,5.786847432350866,13.062338,26.614065,14.748834,4.173833015584649,0.388836,8.774101,1.2352665,2.6488824551560626,0.0,0.0,0.0,0.0,63.0,71.0,65.7,2.5841396591085743,0.3,0.3,0.3,0.0,0.55,0.55,0.55,0.0,40.638967,63.176772,43.8585918,7.091498688076712,1288.08216,1376.142691,1321.8183085,30.732694841666223
31,100000000,100,20035178,56.597886,81.203708,67.4854377,7.20043038092931,14.038022,18.398102,15.4017694,1.9361983804207785,77.645237,93.541193,84.1837041,5.044002193359612,0.018012,0.041555,0.0279913,0.007841553149018942,10.66824,13.825385,11.9036774,0.944080994548102,722.358212,725.14629,723.6550253,0.8658043002955289,997272.0,997929.0,997667.0,184.983482746133,1002534.0,1003432.0,1002928.2,304.09676822426843,1000000.0,1000000.0,1000000.0,0.0,990.72,1084.46,1028.26,30.87418590919535,39.869738,51.617995,45.7398837,5.308878450160825,873.339737,912.113705,889.0238185000001,10.520480140976447
25,300000,100,20035178,12.481102,16.982767,14.6320898,2.13149405597966,4.522115,12.783772,9.065153800000001,2.305792003348129,0.293409,8.453592,7.589243,2.5637437143448816,0.017153,12.100746,10.882814699999999,3.8178265198263746,0.031847,8.095109,7.2793941,2.5465397528755433,1.278779,10.553072,9.6152027,2.929133303865878,2841.0,2869.0,2855.5,8.797095480264431,3099.0,3135.0,3113.3,11.27484909975394,3000.0,3000.0,3000.0,0.0,52.64,56.29,54.517,1.211344982515991,0.033644,12.122226,10.8992841,3.817829110155649,10.267842,75.971155,65.4705968,19.518384707315146
15,100000000,100,20035178,58.766548,59.051627,58.9554155,0.10402393080040155,5.617059,6.856141,6.4616077,0.37142671234999,128.131487,163.284162,143.9033995,9.718735259812618,0.009432,0.018423,0.0128407,0.003272379088675393,8.910241,13.497718,12.8168194,1.3808646284404729,1252.195354,1254.917437,1253.8242766,0.9077286705825748,997186.0,998014.0,997627.3,246.46345232779106,1002503.0,1002967.0,1002710.3,161.3960277633182,1000000.0,1000000.0,1000000.0,0.0,1005.63,1098.31,1053.334,26.310722866880283,28.170231,31.39697,29.8243181,0.8274371476704369,1423.69384,1468.035785,1446.9047206999999,11.459146154501642
23,300000,1000000,20035178,13.112154,25.008062,18.0235584,4.202021525974405,822.654883,903.96747,890.0148185,24.113521335492855,1.180158,6.324736,1.7276115,1.6156585082749282,12.076429,24.47163,13.4859659,3.8625964406238587,10.976992,26.476306,12.7716299,4.822891542930017,0.52336,8.463714,1.320745,2.509786963316298,0.0,0.0,0.0,0.0,63.0,77.0,67.7,4.498147766951785,0.3,0.3,0.3,0.0,0.55,0.55,0.55,0.0,31.351082,53.247574,35.3037534,6.639042619633048,888.682684,1036.856144,964.1985776,35.16383901544101
12,100000000,1000000,20035178,73.460869,74.129889,73.7443238,0.26238915588017614,480.593018,757.748402,719.9236908,84.35650185438463,603.516034,650.060043,630.0649636,18.10366014392187,9.93919,11.820184,11.4172824,0.5353228166171635,20.250502,24.893127,24.2113375,1.3975320329369711,495.896471,501.54602,499.340556,1.9655767601501013,52.0,57.0,54.5,1.35400640077266,22723.0,22907.0,22771.1,59.94154559976652,100.0,100.0,100.0,0.0,24.78,25.08,24.971,0.11666190466471851,43.926076,50.306414,48.104242,1.7983376166563128,1703.356033,1986.987787,1934.4251948,82.8845597034488
25,100000000,1000000,20035178,69.046005,83.556724,78.4151245,3.873103742356289,1181.200704,1278.413764,1248.7097514,27.892835191702115,338.624144,491.338791,383.3473799,51.39125049780193,12.482765,23.547484,14.8157504,4.4991096021688115,62.347002,66.101318,63.7521312,1.131096827118882,241.014561,242.645857,241.6433437,0.5144266047595714,52.0,57.0,54.1,1.449137674618944,22700.0,22765.0,22726.3,24.499659861584473,100.0,100.0,100.0,0.0,24.9,24.96,24.928,0.021499353995463332,44.797837,55.064825,49.5859263,3.848120993505245,1965.679807,2117.871557,2011.3840082,44.858059113148585
2,1000,1000000,20035178,0.037968,0.04413,0.0411934,0.0017565664867070132,71.749123,73.571137,72.6400033,0.47843298318946026,0.03863,0.051962,0.0450986,0.0038111741031399303,9.586761,9.987461,9.7582816,0.11067048377674057,3.054532,3.131267,3.0911888,0.022736028285031965,5.006299,5.177125,5.1014893,0.045407672797667144,0.0,0.0,0.0,0.0,1.0,2.0,1.4,0.5163977794943223,0.0,0.0,0.0,0.0,0.03,0.03,0.03,0.0,22.126796,22.328431,22.2905581,0.05914305547183456,112.514097,114.750104,113.5402474,0.5490901155890506
6,300000,10000,20035178,0.606403,0.64628,0.633006,0.011289422807802577,2.114656,3.764564,3.4840119,0.4891947363931532,0.62716,0.67199,0.6390357,0.013961802287750036,0.074158,0.087451,0.0834356,0.003656159740006507,0.149364,0.166726,0.1561026,0.005876346544504599,2.238642,2.280031,2.260529,0.01185253771233075,10.0,14.0,11.6,1.2649110640673518,50.0,56.0,53.2,1.8737959096740262,30.0,30.0,30.0,0.0,5.46,5.58,5.511,0.03381321240777533,0.255146,0.328068,0.3144155,0.021123864809735934,5.621237,7.464738,7.1554355,0.5475315169770291
18,100000000,10000,20035178,49.397024,102.072773,81.9348494,20.960955474120688,254.101432,311.514452,299.359907,16.28888036362177,198.37565,223.11336,217.987153,7.09487666166974,0.106395,12.168136,1.3267469,3.809292580108877,11.692672,27.671231,15.8640591,4.3208746803192115,656.400879,971.180684,688.6879917,99.26071076555138,9490.0,9626.0,9567.9,44.62796831086483,10385.0,10429.0,10403.9,15.715880149991246,10000.0,10000.0,10000.0,0.0,102.04,108.57,104.775,2.978154723239801,10.252736,16.670037,13.9141782,1.6970805760799796,1135.636028,1549.54138,1242.5956913,111.12656357582999
17,300000,1000000,20035178,0.541454,16.797821,11.1521846,4.833572890311224,572.095515,682.46765,659.508997,31.193012534046765,1.489787,1.813599,1.5756852,0.09256733911867138,11.356671,11.83896,11.6378253,0.16207926878471815,8.959978,9.232397,9.0445031,0.07588308177050343,0.702231,0.725245,0.7143,0.007693790324382098,0.0,0.0,0.0,0.0,61.0,77.0,70.3,4.643992535164831,0.3,0.3,0.3,0.0,0.55,0.55,0.55,0.0,27.826921,31.449682,30.5039327,0.9886757019949073,624.563389,746.750337,720.2359824,34.257947972015266
19,1000,100,20035178,0.43037,16.247604,11.4387045,4.070439478790363,0.32613,8.416702,7.1003935,2.691902631905184,0.004827,8.059956,6.4322003,3.38690421809475,0.011135,12.069866,9.653902800000001,5.081893605565346,0.008886,8.060182,6.4407115,3.389805992431663,0.008065,8.057873,6.4395193,3.389387674200297,1.0,5.0,3.1,1.1972189997378648,23.0,24.0,23.9,0.31622776601683794,10.0,10.0,10.0,0.0,3.1,3.35,3.218,0.0664663657632774,0.015623,12.078569,9.5896357,5.050703291070992,0.408657,72.499326,55.7149911,27.186001086863804
16,1000,100,20035178,0.362949,0.760384,0.4168296,0.12147542041472147,0.259315,0.329427,0.3028496,0.022497087768074436,0.003902,0.005955,0.0053478,0.0005711652417062275,0.01036,0.013188,0.011465,0.0010635321653183166,0.008706,0.011917,0.0096309,0.0010300057658954042,0.006643,0.009188,0.0079687,0.0009691728489341367,3.0,4.0,3.4,0.5163977794943223,20.0,22.0,21.1,0.9944289260117531,10.0,10.0,10.0,0.0,2.91,3.17,3.049,0.08075339690137563,0.013158,0.020045,0.0161825,0.0021232155514167134,0.336829,0.409052,0.3825367,0.022381291453404173
23,300000,10000,20035178,13.326556,28.963631,22.3162454,5.286139506706828,14.6388,16.007076,15.2535156,0.4083502238041918,0.244385,0.45542,0.3533836,0.052746188760052715,0.106154,0.137406,0.1199938,0.011334358677147209,0.205637,0.237056,0.2212663,0.010472915491877132,0.602714,0.615943,0.6095455,0.0037464933901212505,10.0,13.0,11.2,0.9189365834726815,52.0,56.0,54.7,1.2516655570345725,30.0,30.0,30.0,0.0,5.45,5.49,5.471,0.014491376746189511,0.383485,0.41116,0.3947791,0.009712187846549647,21.092654,27.226467,23.4926676,2.217249556011441
28,1000,100,20035178,12.221976,16.772387,13.415723,1.6574161559588263,8.343906,12.609173,9.3122436,1.6887384161460228,8.048604,8.075979,8.0585187,0.009071556757862202,12.08367,12.120086,12.1050825,0.010143101719888427,8.052767,8.077743,8.069351,0.009378404282653394,8.060026,8.073875,8.0653038,0.004282434556806439,2.0,3.0,2.7,0.48304589153964794,33.0,35.0,34.4,0.8432740427115678,10.0,10.0,10.0,0.0,3.73,4.14,3.951,0.13016655996581192,12.0835,12.123348,12.1023323,0.011832419786802087,66.350422,76.95984,70.8845822,3.102441667748945
5,300000,100,20035178,0.700302,0.739439,0.7246767,0.010813940602039787,0.451633,0.738184,0.6327841,0.07147249568493695,1.004862,1.199303,1.1141594,0.05415647610848485,0.002741,0.00712,0.005315,0.0011371483827735255,0.028736,0.044064,0.0412686,0.004518149576983922,6.152833,6.214975,6.1875431,0.023303133081912515,2837.0,2884.0,2859.9,12.413702106946179,3121.0,3244.0,3165.1,38.0305432806609,3000.0,3000.0,3000.0,0.0,50.37,58.6,55.433,2.64008438417327,0.041022,0.106466,0.07554040000000001,0.02068356424367479,7.714465,8.212934,8.0762705,0.13973270380921357
16,100000000,1000000,20035178,55.3283,55.836239,55.5469061,0.18630225474776194,825.902908,1016.324117,987.9228997,57.26276491437373,488.439792,519.925951,509.055315,10.115737455692631,11.081843,11.588107,11.3871109,0.15825993063764895,23.88546,30.333393,29.6017969,2.010181930861398,374.537782,377.311454,375.4401308,0.9323802134637134,51.0,56.0,53.6,1.505545305418162,22632.0,22763.0,22696.9,42.77707070122705,100.0,100.0,100.0,0.0,24.78,25.13,24.891,0.12151360234786661,44.445435,56.390342,52.8869962,4.176052574471143,1787.62763,2001.666766,1967.8667324,64.11266185358868
9,100000000,1000000,20035178,97.556846,97.999422,97.6952837,0.17325937535193747,420.001979,660.887013,631.9668656,74.60010626803616,805.729597,864.919172,821.6633427,16.933137582269737,9.984562,11.467151,11.1350629,0.4219046738458686,20.497926,24.92392,24.3102898,1.3444919812476712,660.313838,670.823108,665.0081493,3.696309260415466,49.0,57.0,53.1,2.8067379246694513,22618.0,22796.0,22721.2,61.55900511794445,100.0,100.0,100.0,0.0,24.7,25.32,24.953,0.23438098140515667,50.850283,57.353014,56.4742745,1.979587348099557,1970.300352,2279.371208,2211.6672075,86.75025748645976
26,300000,10000,20035178,24.936073,33.262719,29.167029,3.320838719298953,16.439775,21.567934,19.6673881,2.1052636423056086,0.303719,0.450866,0.3596502,0.04635741356940057,0.114072,0.16566,0.13996240000000001,0.015345358691727533,0.228557,0.277055,0.24795430000000002,0.013787276445654119,0.534653,0.546361,0.5407955,0.003672980389880187,9.0,13.0,11.2,1.1352924243950935,51.0,54.0,52.8,1.0327955589886446,30.0,30.0,30.0,0.0,5.43,5.49,5.459,0.01523883926755001,0.395132,0.419567,0.4056808,0.009523392658781509,24.455154,40.506712,31.6402129,4.8339924427337255
19,300000,10000,20035178,0.598547,21.020997,14.6604145,5.952139619862653,8.640986,14.092695,12.7743223,1.799595859440055,0.222301,0.518916,0.3717002,0.07721509523086216,0.093077,0.126678,0.1101412,0.012714585603418885,0.183151,0.202028,0.1892953,0.006348768927910355,0.726763,0.747814,0.7350171,0.007002597160260533,11.0,13.0,12.0,0.816496580927726,54.0,59.0,56.0,1.699673171197595,30.0,30.0,30.0,0.0,5.46,5.5,5.48,0.014142135623731067,0.363429,0.3799,0.3731405,0.005704319829937854,10.508578,25.762323,22.143597,4.301962012793594
3,300000,10000,20035178,1.029781,1.065837,1.045969,0.011615130783211613,1.226346,1.845624,1.7441077999999999,0.18552954961994,1.205737,1.318657,1.2434121,0.03401198144265569,0.074908,0.085792,0.0805523,0.003063291477769912,0.10542,0.143963,0.131188,0.011015308408452908,4.466214,4.509738,4.4818203,0.0127321907083319,10.0,13.0,11.6,0.9660917830792959,51.0,58.0,53.3,2.1628170930011112,30.0,30.0,30.0,0.0,5.42,5.5,5.461,0.026853512081497118,0.252722,0.360968,0.3423149,0.03178101523953499,7.52198,8.407538,8.1992467,0.24664421557018792
9,1000,100,20035178,0.200568,0.2238,0.2108323,0.007398335564315951,0.134159,0.207623,0.1786552,0.02130852751469337,0.003804,0.007381,0.0057379,0.0011841035474615855,0.003897,0.008396,0.0070946,0.001278136073437497,0.004925,0.01019,0.0085647,0.0015500164909517003,0.008582,0.009873,0.0091839,0.0004888495451340605,2.0,4.0,3.4,0.699205898780101,18.0,20.0,19.4,0.8432740427115678,10.0,10.0,10.0,0.0,2.89,3.37,3.088,0.1436662799685438,0.013238,0.017839,0.0154109,0.0012455175140389549,0.190549,0.283199,0.2515135,0.02610367388468102
28,1000,10000,20035178,24.28266,33.153184,28.5088923,2.4356108254999773,14.111554,20.645105,17.2103443,2.1556763225591715,0.005597,0.012543,0.0081868,0.001940155996019106,0.157239,0.211091,0.1821966,0.017134843514507708,0.048847,0.056984,0.0530578,0.002789907079296927,0.012208,0.020443,0.0159295,0.0027267076708408296,0.0,0.0,0.0,0.0,2.0,3.0,2.1,0.31622776601683794,0.1,0.1,0.1,0.0,0.32,0.32,0.32,0.0,0.284822,0.310258,0.2961102,0.007822861437266196,19.388262,37.279166,30.7306648,4.752401744751753
16,300000,100,20035178,0.560227,0.960651,0.6550611,0.15105069918220615,0.366296,0.612185,0.4652939,0.06963002881970776,0.364309,0.562414,0.4650391,0.05846976305835351,0.00985,0.012691,0.0114524,0.0008703858914297727,0.034347,0.039778,0.0367098,0.0014495773177033364,2.168761,2.198872,2.1833803,0.008559331477659086,2863.0,2881.0,2869.6,5.680375574437544,3120.0,3155.0,3138.0,12.507775359529145,3000.0,3000.0,3000.0,0.0,56.56,60.86,57.715,1.2002615455715377,0.023949,0.034929,0.0292617,0.0028647477705530883,2.998769,3.362808,3.2193427999999997,0.09722760919249683
30,300000,10000,20035178,26.877731,34.277917,30.7734096,2.467477098221952,22.374228,30.641033,23.6965063,2.4749054237359394,0.287014,8.669793,3.6369507,4.220598675806709,0.180628,12.294879,4.6190666,5.813211166747289,0.311275,8.768426,3.6643726,4.289163347698144,0.464719,8.984127,3.8701885000000003,4.387573405790197,10.0,13.0,11.8,0.7888106377466154,51.0,54.0,52.4,0.9660917830792959,30.0,30.0,30.0,0.0,5.43,5.48,5.455,0.01779513042005222,0.368613,12.673928,4.865855,5.8933050288900235,36.529848,101.11532,58.969468899999995,27.286769246151028
